0.0,-0.3182,0.0,0.2263,-0.0635,0.1406,0.5994,0.3818,0.4588,0.4215,0.0,-0.2263,0.7184,0.7184,0.9853,0.7269,0.0,0.8788,0.0,0.7448,0.9959,1.0,-0.9994,0.9998,-0.9995,-0.8193,-0.9962,0.9989,0.204,-0.9887,0.9981,0.9999,1.0,-0.9898,0.9997,0.9992,0.9919,-1.0,-0.9967,0.9744,,43
0.7985,0.0,0.4588,0.9118,-0.0129,-0.7506,0.7783,0.7359,0.8924,0.7777,0.8553,0.6696,-0.0268,0.6696,0.6369,0.7579,-0.7783,0.9545,0.0,0.6625,0.9972,0.993,0.0258,0.4531,0.9988,0.9508,0.3612,1.0,-0.34,0.9928,-0.2263,0.9811,-0.0516,0.9962,-0.9962,0.0,0.9984,0.9971,0.9828,,41
0.7985,0.0,0.4588,0.9118,-0.0129,-0.7506,0.7783,0.7359,0.8924,0.7777,0.8553,0.6696,-0.0268,0.6696,0.6369,0.7579,-0.7783,0.9545,0.0,0.6625,0.9972,0.993,0.0258,0.4531,0.9988,0.9508,0.3612,1.0,-0.34,0.9928,-0.2263,0.9811,-0.0516,0.9962,-0.9962,0.0,0.9984,0.9971,0.9828,,94
0.7985,0.0,0.4588,0.9118,-0.0129,-0.7506,0.7783,0.7359,0.8924,0.7777,0.8553,0.6696,-0.0268,0.6696,0.6369,0.7579,-0.7783,0.9545,0.0,0.6625,0.9972,0.993,0.0258,0.4531,0.9988,0.9508,0.3612,1.0,-0.34,0.9928,-0.2263,0.9811,-0.0516,0.9962,-0.9962,0.0,0.9984,0.9971,0.9828,yes,97
0.7359,0.8924,0.7777,0.8553,0.6696,-0.0268,0.6696,0.6369,0.7579,-0.7783,0.9545,0.0,0.0,0.5994,0.2023,0.8932,0.9054,0.0,0.4497,0.6625,0.9972,0.993,0.0258,0.4531,0.9988,0.9508,0.3612,1.0,-0.34,0.9928,-0.2263,0.9811,-0.0516,0.9962,-0.9962,0.0,0.9984,0.9971,0.9828,yes,99
0.4497,0.9117,0.3612,0.4404,0.6679,0.0,0.8138,0.1531,0.5574,0.3612,0.936,0.7717,0.6369,-0.4215,-0.6597,0.5093,0.0,0.0,0.8999,0.0,0.6625,0.9972,0.993,0.0258,0.4531,0.9988,0.9508,0.3612,1.0,-0.34,0.9928,-0.2263,0.9811,-0.0516,0.9962,-0.9962,0.0,0.9971,0.9828,-0.1536,yes,98
0.0,-0.3111,-0.3111,0.6015,-0.1027,0.5106,0.1531,0.1531,0.6808,0.1111,0.8047,0.4588,0.5994,0.0,0.8,0.0516,-0.4164,-0.0516,0.5696,0.91,0.6625,0.9972,0.993,0.0258,0.9988,0.9508,0.3612,1.0,-0.34,0.9928,-0.2263,-0.0516,0.9962,-0.9962,0.0,0.9971,0.9828,-0.1536,0.9807,0.0,yes,99
0.4404,0.4404,0.8765,0.4564,0.9513,-0.1779,0.1513,-0.2718,0.9652,0.7845,0.7713,0.6249,0.8927,0.4005,0.886,0.0,0.7841,-0.5423,0.8176,0.66,0.6625,0.9972,0.993,0.0258,0.9988,0.9508,0.3612,1.0,-0.34,0.9928,-0.2263,-0.0516,0.9962,-0.9962,0.0,0.9971,0.9828,-0.1536,0.9807,0.0,yes,99
0.6369,0.4588,0.978,-0.6908,-0.7184,0.5719,0.9726,-0.6597,0.6249,-0.0772,0.3818,0.7356,0.0,0.1278,0.2648,-0.1531,0.2714,0.2023,0.4738,0.0,0.6625,0.9972,0.993,0.0258,0.9988,0.9508,0.3612,1.0,-0.34,0.9928,-0.2263,-0.0516,0.9962,-0.9962,0.0,0.9971,0.9828,-0.1536,0.9807,0.0,yes,99
0.3291,0.7579,0.4588,0.8951,0.2732,0.9001,-0.9493,0.2023,0.5719,0.1943,0.0018,0.6696,0.8932,0.6239,0.2023,0.0,0.5093,-0.3637,0.7845,0.0,0.6625,0.9972,0.993,0.0258,0.9988,0.9508,0.3612,1.0,-0.34,0.9928,-0.2263,-0.0516,0.9962,-0.9962,0.9971,0.9828,-0.1536,0.9807,0.0,0.9966,yes,99
0.8932,0.6239,0.2023,0.0,0.5093,-0.3637,0.7845,0.0,-0.4215,0.7777,0.7096,0.34,0.5106,0.0,-0.7799,0.2023,-0.3695,0.6436,0.0,0.9251,0.6625,0.9972,0.993,0.0258,0.9988,0.9508,0.3612,1.0,-0.34,0.9928,-0.2263,-0.0516,0.9962,-0.9962,0.9971,0.9828,-0.1536,0.9807,0.0,0.9966,yes,99
0.8796,0.3919,-0.4796,0.944,0.2621,0.5994,0.931,-0.4721,-0.2755,0.2937,0.6705,0.1754,0.0,0.5248,0.857,-0.3083,-0.961,0.6358,0.5719,1.0,1.0,0.9994,0.9964,0.9977,0.631,0.7466,0.9914,0.9962,0.7466,0.9992,0.9981,0.9952,-0.9967,-0.1039,0.9989,-0.9964,0.9856,0.94,0.9285,no,1
-0.6007,0.6562,-0.3612,-0.4106,0.9236,0.7387,0.5267,0.0258,0.4588,0.6369,-0.5859,0.6103,-0.2263,0.0,0.296,0.2023,0.1511,0.4019,0.555,0.8973,0.6625,0.9972,0.993,0.0258,0.9988,0.9508,0.3612,1.0,-0.34,0.9928,-0.2263,-0.0516,0.9962,-0.9962,0.9971,0.9828,-0.1536,0.9807,0.0,0.9966,yes,98
0.0,0.8519,0.0,0.3328,0.8316,0.5106,-0.5423,0.4295,0.1531,0.4588,-0.5423,0.8429,0.0,0.4588,0.5267,0.4399,0.4215,0.1134,0.296,0.8086,0.6625,0.9972,0.993,0.0258,0.9988,0.9508,0.3612,1.0,-0.34,0.9928,-0.2263,-0.0516,0.9962,-0.9962,0.9971,0.9828,-0.1536,0.9807,0.0,0.9966,no,1
0.8858,-0.5267,0.9734,-0.3562,0.8316,-0.7193,0.5801,0.3412,-0.2263,0.5574,-0.2487,0.1002,0.2937,0.6034,0.0437,0.8992,0.7632,-0.4243,0.9645,-0.34,1.0,1.0,0.9994,0.9964,0.9977,0.631,0.7466,0.9914,0.9962,0.7466,0.9992,0.9981,0.9952,-0.9967,-0.1039,0.9989,-0.9964,0.9856,0.94,0.9285,yes,96
-0.2846,-0.34,0.0,0.1027,-0.6597,0.743,0.8687,-0.7184,-0.5859,0.5267,0.1779,0.3612,-0.1882,-0.4215,0.7885,-0.7579,0.0258,0.0258,0.0258,0.0258,-0.1039,0.9915,0.94,0.9997,-0.2732,0.3612,-0.9869,0.9997,0.9994,0.7937,0.9959,0.9996,0.9994,0.6479,-0.5719,-0.998,0.9847,0.7937,-0.9978,-0.952,yes,88
0.8687,-0.7184,-0.5859,0.5267,0.1779,0.3612,-0.1882,-0.4215,0.7885,-0.7579,0.0258,0.0258,0.0258,0.0258,0.0258,0.0258,0.0258,0.0258,0.0258,0.0258,-0.1039,0.9915,0.94,0.9997,-0.2732,0.3612,-0.9869,0.9997,0.9994,0.7937,0.9959,0.9996,0.9994,0.6479,-0.5719,-0.998,0.9847,0.7937,-0.9978,-0.952,no,13
0.0258,0.7065,0.0258,0.0258,0.0258,0.0258,0.0,0.0258,0.0258,0.296,-0.481,0.0258,0.0258,0.0258,-0.296,0.0258,0.0258,-0.34,0.0258,0.0258,0.9915,0.94,0.9997,-0.2732,0.3612,-0.9869,0.9997,0.9994,0.7937,0.9959,0.9996,0.9994,0.6479,-0.5719,-0.998,0.9847,0.7937,-0.9978,-0.952,0.9996,yes,98
-0.4019,-0.9493,0.9485,0.8053,0.3365,-0.4404,0.2244,0.6369,-0.3071,-0.9493,-0.7133,-0.7639,0.5262,0.6007,-0.5859,0.5267,0.2023,0.2023,0.4939,0.296,1.0,0.9995,-0.8478,0.9975,0.9998,1.0,1.0,0.9998,-0.4245,0.0,0.9981,1.0,0.8749,0.9997,0.9998,1.0,0.9942,-0.5416,-0.992,0.4215,no,26
0.0258,0.0258,0.0258,0.0258,0.0258,0.0258,0.0258,0.0258,0.9573,0.4678,0.5325,-0.34,-0.4019,0.3818,-0.1709,0.0,0.765,-0.5719,0.4404,0.0,0.9915,0.94,0.9997,-0.2732,0.3612,-0.9869,0.9997,0.9994,0.7937,0.9959,0.9996,0.9994,0.6479,-0.5719,-0.998,0.9847,0.7937,-0.9978,-0.952,0.9996,yes,69
0.0258,0.8661,0.0258,-0.5994,0.8176,0.0258,0.0258,0.0129,0.0258,0.0258,0.0258,0.4215,0.0258,0.9403,0.0258,0.0,0.0258,0.0,0.0258,0.0258,0.9915,0.94,0.9997,-0.2732,0.3612,-0.9869,0.9997,0.9994,0.7937,0.9959,0.9996,0.9994,0.6479,-0.5719,-0.998,0.9847,0.7937,-0.9978,-0.952,0.9996,yes,98
-0.8381,-0.3818,-0.0482,0.4215,0.0814,-0.4588,0.8832,-0.2481,0.3612,0.6486,-0.6369,0.8096,-0.34,-0.5216,-0.7723,0.2732,-0.5859,0.0772,-0.8529,0.9915,0.94,0.9997,-0.2732,0.3612,-0.9869,0.9997,0.9994,0.7937,0.9959,0.9996,0.9994,0.6479,-0.5719,-0.998,0.9847,0.7937,-0.9978,-0.952,0.9996,yes,98
0.0772,-0.1655,0.7989,0.4201,0.0772,0.802,-0.4347,0.4215,0.0772,0.9582,0.1779,0.8636,0.0772,0.2023,0.0772,0.6114,-0.5994,0.2732,0.6696,0.1531,0.986,-0.9963,0.9997,0.9972,0.0,0.9995,-0.9869,0.9928,0.9996,0.9997,0.998,-0.9994,0.9941,0.9959,0.9968,0.9996,0.3182,0.9994,0.9997,0.9977,yes,95
0.0772,0.802,-0.4347,0.4215,0.0772,0.9582,0.1779,0.8636,0.0772,0.2023,0.0772,0.6114,-0.5994,0.2732,0.6696,0.1531,0.0772,0.6239,0.666,0.128,0.986,-0.9963,0.9997,0.9972,0.0,0.9995,-0.9869,0.9928,0.9996,0.9997,0.998,-0.9994,0.9941,0.9959,0.9968,0.9996,0.3182,0.9994,0.9997,0.9977,yes,99
0.4215,0.0772,0.9582,0.1779,0.8636,0.0772,0.2023,0.0772,0.6114,-0.5994,0.2732,0.6696,0.1531,0.0772,0.6239,0.666,0.128,0.9496,0.8591,0.0772,0.986,-0.9963,0.9997,0.9972,0.0,0.9995,-0.9869,0.9928,0.9996,0.9997,0.998,-0.9994,0.9941,0.9959,0.9968,0.9996,0.3182,0.9994,0.9997,0.9977,yes,98
-0.0516,0.0,-0.34,0.8217,0.3971,-0.25,-0.6249,0.0,0.5574,0.8625,0.0,0.96,0.6887,0.4019,0.8126,0.8975,0.0,-0.7003,0.0361,0.0,0.9996,0.9916,0.9997,1.0,0.9957,0.9994,-0.9629,0.9991,-0.5291,-0.8006,0.9994,-0.3415,0.9177,-0.2825,-0.9827,0.8779,0.9998,0.9826,0.6607,no,1
0.6696,0.1531,0.0772,0.6239,0.666,0.128,0.9496,0.8591,0.0772,0.8807,0.5859,0.2187,-0.8173,-0.7778,0.765,-0.4939,0.0772,-0.7913,0.0772,0.7351,0.986,-0.9963,0.9997,0.9972,0.0,0.9995,-0.9869,0.9928,0.9996,0.9997,0.998,-0.9994,0.9941,0.9959,0.9968,0.9996,0.3182,0.9994,0.9997,0.9977,yes,95
0.4588,0.896,0.4003,0.0,0.0,-0.5562,0.8319,0.0,0.0,0.2996,0.9183,0.0,0.0,0.3818,0.5859,0.4588,-0.6378,0.9692,0.4404,0.6467,-0.9968,0.368,0.6625,0.0,-1.0,0.0258,-0.9989,0.9999,0.0,0.4588,0.9991,0.9801,0.9999,-0.3383,-0.5939,-0.8853,-0.9998,0.9999,0.9813,0.9992,yes,97
0.4019,0.8555,-0.34,-0.34,0.0397,0.8849,0.2406,0.3612,0.2996,0.9503,0.4329,-0.4694,0.5994,-0.34,0.0,-0.9419,-0.5574,0.5337,-0.34,0.5951,0.9915,0.94,0.9997,-0.2732,0.3612,-0.9869,0.9997,0.9994,0.7937,0.9959,0.9996,0.9994,0.6479,-0.5719,-0.998,0.9847,0.7937,-0.9978,-0.952,0.9996,no,95
0.8541,0.0,0.7081,-0.5423,0.0,-0.1596,0.0,0.7184,0.0,0.7643,0.3182,0.705,0.0,0.0,0.9553,0.0,0.34,0.5719,-0.802,-0.0516,0.5574,0.0,0.296,0.7089,0.0,0.0,0.4404,0.9517,0.0,0.9586,0.4939,0.6249,0.2828,0.807,-0.5106,0.2023,0.9423,0.0623,-0.5106,0.0,yes,5
-0.3182,0.0,0.8356,0.6523,0.5411,-0.2561,0.9073,-0.34,0.936,0.4588,0.4404,0.8671,0.93,-0.2225,0.802,-0.9442,0.7906,-0.2732,0.7717,-0.8675,0.5574,0.0,0.296,0.7089,0.0,0.0,0.4404,0.9517,0.0,0.9586,0.4939,0.6249,0.2828,0.807,-0.5106,0.2023,0.9423,0.0623,-0.5106,0.0,yes,97
0.9619,0.8555,0.3502,0.0,0.9697,0.8825,0.6369,0.8316,0.7717,-0.6808,0.8807,0.8555,0.8622,0.0,0.8016,0.9428,0.9461,-0.0258,0.2023,0.6369,0.9981,0.9586,0.4215,0.4215,0.9997,0.4767,0.87,0.9633,0.9997,0.9545,0.4767,0.9959,0.7941,0.9881,0.5574,0.5719,0.9996,0.9994,-0.9257,-0.1796,no,3
0.0,0.1877,0.6987,0.7906,-0.4487,0.0498,0.4478,-0.4019,0.0,0.0,0.9257,0.34,0.9391,0.9198,0.0,0.3818,0.1779,0.0,-0.4767,0.0,0.5574,0.0,0.296,0.7089,0.0,0.0,0.4404,0.9517,0.0,0.9586,0.4939,0.6249,0.2828,0.807,-0.5106,0.2023,0.9423,0.0623,-0.5106,0.0,yes,93
0.9371,0.802,0.2732,-0.3182,0.4588,0.9666,0.5965,0.4588,0.0,-0.6249,0.8979,0.25,0.9806,0.6369,0.1779,0.9022,0.8591,0.6249,0.1225,0.8827,0.9981,0.9586,0.4215,0.4215,0.9997,0.4767,0.87,0.9633,0.9997,0.9545,0.4767,0.9959,0.7941,0.9881,0.5574,0.5719,0.9996,0.9994,-0.9257,-0.1796,no,6
0.8475,-0.3182,0.2023,0.8627,0.3818,0.0,0.5242,0.9245,0.9381,0.9569,-0.6808,0.4404,0.0,-0.3182,-0.6249,0.6908,0.0258,0.4019,0.0,0.296,0.9915,0.94,0.9997,-0.2732,0.3612,-0.9869,0.9997,0.9994,0.7937,0.9959,0.9996,0.9994,0.6479,-0.5719,-0.998,0.9847,0.7937,-0.9978,-0.952,0.9996,no,2
0.4753,0.2235,0.0,0.2023,0.743,0.5574,0.6369,0.7845,0.34,0.2732,0.3612,0.0258,0.3818,0.4404,0.6249,0.4767,0.0,0.5574,0.0,0.296,0.7089,0.0,0.0,0.4404,0.9517,0.0,0.9586,0.4939,0.6249,0.2828,0.807,-0.5106,0.2023,0.9423,0.0623,-0.5106,0.0,yes,81
0.9153,0.1578,0.9253,-0.7955,-0.6187,0.3348,-0.5267,0.7783,0.8205,0.8126,0.4215,0.2023,0.91,0.9563,0.8979,0.9145,0.8555,0.9559,0.5789,-0.3421,0.9981,0.9586,0.4215,0.4215,0.9997,0.4767,0.87,0.9633,0.9997,0.9545,0.4767,0.9959,0.7941,0.9881,0.5574,0.5719,0.9996,0.9994,-0.9257,-0.1796,yes,87
0.296,0.4588,-0.1531,-0.0194,0.0,-0.5267,0.168,0.539,0.2996,0.0,-0.6705,-0.3182,0.0387,0.2996,0.128,0.5104,0.7226,0.2023,0.9433,0.3919,0.9915,0.94,0.9997,-0.2732,0.3612,-0.9869,0.9997,0.9994,0.7937,0.9959,0.9996,0.9994,0.6479,-0.5719,-0.998,0.9847,0.7937,-0.9978,-0.952,0.9996,no,3
0.4019,-0.8347,-0.6908,0.5106,-0.34,-0.5719,0.6478,0.0,-0.4934,0.5584,0.7351,0.7184,0.4588,0.0,0.527,0.6486,0.0,-0.296,0.8951,0.5574,0.0,0.296,0.7089,0.0,0.0,0.4404,0.9517,0.0,0.9586,0.4939,0.6249,0.2828,0.807,-0.5106,0.2023,0.9423,0.0623,-0.5106,0.0,no,5
0.0,0.8216,0.7655,0.3896,0.7964,0.9287,-0.3182,0.5994,0.4588,0.1045,0.4588,0.4767,-0.3632,-0.4412,0.3953,0.3612,0.0,-0.651,0.6369,0.0,0.5574,0.0,0.296,0.7089,0.0,0.0,0.4404,0.9517,0.0,0.9586,0.4939,0.6249,0.2828,0.807,-0.5106,0.2023,0.9423,0.0623,-0.5106,0.0,yes,95
-0.2023,0.6369,-0.4588,0.296,0.0772,-0.3724,-0.4588,0.8652,0.25,0.5848,0.4199,-0.1783,0.0,-0.7003,-0.0952,0.0,0.4003,0.4003,0.7003,0.9732,0.5574,0.0,0.296,0.7089,0.0,0.0,0.4404,0.9517,0.0,0.9586,0.4939,0.6249,0.2828,0.807,-0.5106,0.2023,0.9423,0.0623,-0.5106,0.0,yes,99
0.2023,0.5165,0.3612,0.1531,0.9231,0.4939,-0.7678,0.7339,0.765,0.0,0.0,0.765,-0.296,-0.5719,-0.2732,-0.0771,0.8881,-0.685,0.8908,0.0,0.5574,0.0,0.296,0.7089,0.0,0.0,0.4404,0.9517,0.0,0.9586,0.4939,0.6249,0.2828,0.807,-0.5106,0.2023,0.9423,0.0623,-0.5106,0.0,yes,99
0.7096,0.4215,0.0,0.7178,-0.1531,0.0,0.25,-0.2263,-0.8006,0.34,0.0688,0.2732,0.3612,-0.115,-0.2617,0.5423,0.8126,-0.1531,0.4466,0.5574,0.0,0.296,0.7089,0.0,0.0,0.4404,0.9517,0.0,0.9586,0.4939,0.6249,0.2828,0.807,-0.5106,0.2023,0.9423,0.0623,-0.5106,0.0,yes,98
0.8555,0.0,0.4939,0.5549,0.7845,0.5106,0.7685,-0.4767,0.3566,0.0,0.6597,0.8971,0.0,0.9337,0.5406,-0.7707,0.7553,0.9001,0.8833,0.0,0.5574,0.0,0.296,0.7089,0.0,0.0,0.4404,0.9517,0.0,0.9586,0.4939,0.6249,0.2828,0.807,-0.5106,0.2023,0.9423,0.0623,-0.5106,0.0,yes,98
-0.7299,0.4748,0.5514,0.4019,0.0,0.5729,0.1531,0.1901,-0.4019,0.7283,-0.7365,-0.7351,0.5563,-0.296,-0.1761,0.9351,-0.0516,0.9506,0.9081,0.3716,0.5574,0.0,0.296,0.7089,0.0,0.0,0.4404,0.9517,0.0,0.9586,0.4939,0.6249,0.2828,0.807,-0.5106,0.2023,0.9423,0.0623,-0.5106,0.0,yes,98
0.6808,-0.4404,0.4588,-0.4256,0.0,0.0,0.0,0.8573,0.128,0.8221,-0.8995,-0.6486,-0.5574,0.0,-0.8847,-0.2846,0.6245,0.6072,0.6486,0.5574,0.0,0.296,0.7089,0.0,0.0,0.4404,0.9517,0.0,0.9586,0.4939,0.6249,0.2828,0.807,-0.5106,0.2023,0.9423,0.0623,-0.5106,0.0,yes,98
0.8302,0.9782,0.6369,-0.0772,-0.4153,-0.2023,0.9382,-0.7339,0.9184,0.4939,0.9356,0.5859,0.224,0.4939,0.7845,-0.2732,0.5927,-0.6486,-0.5632,0.9137,0.9736,0.9833,0.9996,0.9997,-0.9629,1.0,0.9964,0.9888,0.9856,-0.9968,-0.9852,0.9984,0.9997,-0.9971,0.2895,0.9983,0.9658,-0.9413,0.9997,-0.5409,no,2
0.0,0.7242,0.4939,0.0,0.6641,0.3818,0.7809,0.9835,0.5994,0.5423,-0.3412,0.0,0.2944,-0.0018,0.8555,-0.4939,0.0,0.8549,0.0,0.5574,0.0,0.296,0.7089,0.0,0.0,0.4404,0.9517,0.0,0.9586,0.4939,0.6249,0.2828,0.807,-0.5106,0.2023,0.9423,0.0623,-0.5106,0.0,yes,97
0.5399,0.0,0.9151,0.9371,0.7643,0.5559,0.8549,0.0,0.0,0.4749,0.0,0.5859,0.0,0.5574,0.0,0.4019,0.7184,0.8549,0.5994,0.9997,0.9996,0.9994,0.9997,0.9393,0.9996,0.9862,1.0,0.9998,-0.8192,0.9964,0.9803,-0.9994,0.9954,-0.8239,0.9966,0.9997,-0.9275,0.9913,-0.9968,no,79
0.7424,0.6369,0.6249,0.7269,0.0,0.0,0.0,0.946,-0.8088,0.0,0.6124,0.7579,0.0,0.4939,0.4118,0.4404,0.7643,-0.4574,0.5559,-0.3818,0.5574,0.0,0.296,0.7089,0.0,0.0,0.4404,0.9517,0.0,0.9586,0.4939,0.6249,0.2828,0.807,-0.5106,0.2023,0.9423,0.0623,-0.5106,0.0,yes,11
0.0,0.4005,0.6124,0.039,0.0,0.8126,0.0,0.5267,0.8622,0.0,0.5023,-0.7906,0.5859,0.0,0.2472,-0.5423,-0.7351,0.0,0.3612,0.5574,0.0,0.296,0.7089,0.0,0.0,0.4404,0.9517,0.0,0.9586,0.4939,0.6249,0.2828,0.807,-0.5106,0.2023,0.9423,0.0623,-0.5106,0.0,yes,98
-0.2944,0.7778,0.7805,0.4939,0.144,0.0,-0.7845,0.7096,0.0,-0.4389,0.0,0.8353,0.8085,0.4215,0.4939,0.0,0.0,0.8017,0.5106,0.5574,0.0,0.296,0.7089,0.0,0.0,0.4404,0.9517,0.0,0.9586,0.4939,0.6249,0.2828,0.807,-0.5106,0.2023,0.9423,0.0623,-0.5106,0.0,yes,99
0.796,0.5994,0.8942,0.4019,0.4515,0.9136,0.6621,0.4019,0.4767,0.9004,0.5951,0.3476,0.6675,-0.8519,-0.3182,0.0,0.5423,0.8573,0.0,0.8658,0.9997,0.9996,0.9994,0.9997,0.9393,0.9996,0.9862,1.0,0.9998,-0.8192,0.9964,0.9803,-0.9994,0.9954,-0.8239,0.9966,0.9997,-0.9275,0.9913,-0.9968,no,1
0.6597,0.0258,-0.296,0.4588,0.0,0.0,0.9022,0.7359,-0.296,0.7351,0.5423,0.8689,-0.1531,0.1779,0.0,-0.34,0.5859,0.7717,0.1406,-0.8338,0.5574,0.0,0.296,0.7089,0.0,0.0,0.4404,0.9517,0.0,0.9586,0.4939,0.6249,0.2828,0.807,-0.5106,0.2023,0.9423,0.0623,-0.5106,0.0,yes,97
-0.9136,0.6652,-0.1901,0.3527,0.25,-0.6227,-0.4767,0.0,0.5228,0.9538,0.5574,0.4019,0.9136,-0.2023,0.3687,-0.6858,0.8591,0.4242,-0.2937,0.9423,0.9997,-0.9507,0.8381,0.2732,-0.5216,0.9736,-0.6031,0.0,0.492,0.979,0.9959,-0.8674,0.9996,0.9994,0.049,0.0,-0.4019,0.9997,-0.3995,yes,94
0.6358,0.5707,0.1969,-0.5955,0.0,-0.2498,-0.471,-0.6688,-0.2755,0.9561,-0.765,0.1713,0.8485,0.8485,-0.4767,-0.5323,0.0,-0.6254,1.0,1.0,0.9994,0.9964,0.9977,0.631,0.7466,0.9914,0.9962,0.7466,0.9992,0.9981,0.9952,-0.9967,0.9989,-0.9964,0.9856,0.94,0.9285,-0.9998,no,3
0.25,-0.6227,-0.4767,0.0,0.5228,0.9538,0.5574,0.4019,0.9136,-0.2023,0.3687,-0.6858,0.8591,0.4242,-0.2937,0.9677,0.4767,0.5106,-0.8276,0.9423,0.9997,-0.9507,0.8381,0.2732,-0.5216,0.9736,-0.6031,0.0,0.492,0.979,0.9959,-0.8674,0.9996,0.9994,0.049,0.0,-0.4019,0.9997,-0.3995,yes,92
0.8485,0.8485,-0.4767,-0.5323,0.0,-0.6254,-0.7687,0.4386,0.7423,-0.2755,0.5317,0.2709,-0.2755,0.4186,0.9482,0.8709,0.155,-0.0644,1.0,1.0,0.9994,0.9964,0.9977,0.631,0.7466,0.9914,0.9962,0.7466,0.9992,0.9981,0.9952,-0.9967,0.9989,-0.9964,0.9856,0.94,0.9285,-0.9998,yes,71
0.25,-0.6227,-0.4767,0.0,0.5228,0.9538,0.5574,0.4019,0.9136,-0.2023,0.3687,-0.6858,0.8591,0.4242,-0.2937,0.9677,0.4767,0.5106,-0.8276,0.9449,0.9423,0.9997,-0.9507,0.8381,0.2732,-0.5216,0.9736,-0.6031,0.0,0.492,0.979,0.9959,-0.8674,0.9996,0.9994,0.049,0.0,-0.4019,0.9997,-0.3995,no,20
0.9136,0.4019,0.4767,0.6675,-0.8519,-0.3182,0.0,-0.6597,-0.7834,0.8932,0.9997,0.9996,0.9994,0.9997,0.9996,0.9862,1.0,0.9998,-0.8192,0.9964,0.9803,-0.9994,0.9954,-0.8239,0.9966,0.9997,-0.9275,0.9913,-0.9968,-0.9722,no,2
-0.4767,0.0,0.5228,0.9538,0.5574,0.4019,0.9136,-0.2023,0.3687,-0.6858,0.8591,0.4242,-0.2937,0.9677,0.4767,0.5106,-0.8276,0.9449,0.0,0.7358,0.9423,0.9997,-0.9507,0.8381,0.2732,-0.5216,0.9736,-0.6031,0.0,0.492,0.979,0.9959,-0.8674,0.9996,0.9994,0.049,0.0,-0.4019,0.9997,-0.3995,yes,94
0.9136,0.4019,0.4767,0.6675,-0.8519,-0.3182,0.0,-0.6597,-0.7834,0.8932,0.9997,0.9996,0.9994,0.9997,0.9996,0.9862,1.0,0.9998,-0.8192,0.9964,0.9803,-0.9994,0.9954,-0.8239,0.9966,0.9997,-0.9275,0.9913,-0.9968,-0.9722,yes,93
-0.0387,0.5481,0.7644,-0.5565,0.6249,-0.8342,0.9217,0.9136,0.9022,0.2589,-0.9642,0.2284,-0.2481,-0.1027,0.6249,0.6199,-0.357,0.804,0.7096,0.9588,1.0,-0.3786,0.6705,0.996,0.6705,-0.9499,0.3182,0.8156,0.4506,0.5859,0.3182,-0.3818,0.3182,0.0258,-0.8466,0.6705,0.7003,0.6208,0.9914,0.3182,yes,93
0.4019,0.4767,0.6675,-0.8519,-0.3182,0.0,-0.6597,-0.7834,0.8932,0.9997,0.9996,0.9994,0.9997,0.9996,0.9862,1.0,0.9998,-0.8192,0.9964,0.9803,-0.9994,0.9954,-0.8239,0.9966,0.9997,-0.9275,0.9913,-0.9968,-0.9722,yes,98
0.4019,0.4767,0.6675,-0.8519,-0.3182,0.0,-0.6597,-0.7834,0.8932,0.9997,0.9996,0.9994,0.9997,0.9996,0.9862,1.0,0.9998,-0.8192,0.9964,0.9803,-0.9994,0.9954,-0.8239,0.9966,0.9997,-0.9275,0.9913,-0.9968,-0.9722,yes,99
0.4767,0.6675,-0.8519,-0.3182,0.0,-0.6597,-0.7834,0.8932,0.9997,0.9996,0.9994,0.9997,0.9996,0.9862,1.0,0.9998,-0.8192,0.9964,0.9803,-0.9994,0.9954,-0.8239,0.9966,0.9997,-0.9275,0.9913,-0.9968,-0.9722,yes,97
-0.8519,-0.3182,0.0,-0.6597,-0.7834,0.8932,0.9997,0.9996,0.9994,0.9997,0.9996,0.9862,1.0,0.9998,-0.8192,0.9964,0.9803,-0.9994,0.9954,-0.8239,0.9966,0.9997,-0.9275,0.9913,-0.9968,-0.9722,yes,99
-0.8519,-0.3182,0.0,-0.6597,-0.7834,0.8932,0.9997,0.9996,0.9994,0.9997,0.9996,0.9862,1.0,0.9998,-0.8192,0.9964,0.9803,-0.9994,0.9954,-0.8239,0.9966,0.9997,-0.9275,0.9913,-0.9968,-0.9722,yes,99
-0.395,-0.6948,0.6192,0.0232,0.0772,0.9218,0.0,0.5408,-0.2732,-0.3345,0.3818,0.5141,0.6908,0.1311,0.34,0.6687,0.0135,-0.6434,-0.5574,1.0,1.0,0.9994,0.9964,0.9977,0.631,0.7466,0.9914,0.9962,0.7466,0.9992,0.9981,0.9952,-0.9967,0.9989,-0.9964,0.9856,0.94,0.9285,-0.9998,yes,97
0.6124,0.5379,0.7823,0.0,0.3182,0.6745,0.5719,0.2937,-0.2755,0.9942,0.9988,-0.9115,0.9972,0.9989,0.296,0.9975,0.3612,0.944,-0.128,-0.9259,0.9524,0.9979,0.9992,-0.8129,0.9999,0.9195,yes,97
0.6124,0.5379,0.7823,0.0,0.3182,0.6745,0.5719,-0.2755,0.9942,0.9988,-0.9115,0.9972,0.9989,0.296,0.9975,0.3612,0.944,-0.128,-0.9259,0.9524,0.9979,0.9992,-0.8129,0.9999,0.9195,0.9993,yes,97
0.9877,-0.4404,-0.7783,0.6959,0.7506,0.8397,0.1511,0.0,0.7339,0.7018,0.5859,0.9623,0.8287,0.9428,0.8394,0.1027,-0.3384,0.9996,1.0,0.9998,0.9964,-0.9907,0.9984,-0.9894,0.9996,1.0,0.9998,0.9937,-0.9922,0.9988,-0.9995,0.9995,0.9982,-0.9446,0.9998,0.9554,0.9974,yes,90
0.9202,0.7591,0.1899,0.9081,0.2921,0.9423,-0.0772,0.5499,0.222,0.9401,0.3612,-0.6874,0.2732,0.7096,0.6414,0.5267,0.6093,0.9162,0.1015,0.5559,0.9997,-0.9507,0.9736,-0.2431,0.492,0.9959,0.9996,0.9994,0.0,0.9997,-0.9201,-0.799,0.9859,0.9996,0.9862,0.9955,1.0,0.9993,0.9998,-0.9849,no,1
0.8381,-0.2144,0.2452,0.9524,0.6672,0.5128,0.6705,-0.7504,0.8469,0.9474,-0.5023,0.315,-0.5423,0.8243,0.7526,0.964,0.0,0.8403,0.9997,-0.9507,0.9736,-0.2431,0.492,0.9959,0.9996,0.9994,0.0,0.9997,-0.9201,-0.799,0.9859,0.9996,0.9862,0.9955,1.0,0.9993,0.9998,-0.9849,yes,96
0.1901,0.9196,0.1045,0.5994,-0.5106,-0.6908,0.6369,0.8363,0.7171,-0.5277,0.7063,0.3612,0.6152,0.7789,-0.2617,0.9788,0.6757,-0.4425,0.7964,0.945,0.9997,-0.9507,0.9736,-0.2431,0.492,0.9959,0.9996,0.9994,0.0,0.9997,-0.9201,-0.799,0.9859,0.9996,0.9862,0.9955,1.0,0.9993,0.9998,-0.9849,yes,93
0.0926,0.9366,0.6141,0.6808,0.3612,0.95,0.8847,0.9437,0.802,0.5267,0.5574,0.9493,0.9548,0.7449,0.7914,0.9495,0.7142,0.128,0.877,0.9997,-0.9507,0.9736,-0.2431,0.492,0.9959,0.9996,0.9994,0.0,0.9997,-0.9201,-0.799,0.9859,0.9996,0.9862,0.9955,1.0,0.9993,0.9998,-0.9849,yes,97
0.5093,1.0,0.9423,-0.9998,-0.9507,-0.9771,0.9228,0.9847,-0.9981,-0.9998,-0.6031,-0.9994,0.9987,0.9969,0.9959,-0.999,0.9994,0.9997,-0.9999,0.0,1.0,yes,88
0.9139,0.8542,-0.873,0.6369,0.3071,0.6114,0.91,0.0,0.8173,0.7814,0.5423,-0.5738,0.9503,0.2924,0.9997,-0.0129,0.9794,0.998,-0.9869,0.9997,0.9736,0.9997,0.9975,0.9987,0.9887,0.9974,0.979,0.9959,0.9989,0.8772,-0.8674,0.782,-0.972,0.9996,no,1
-0.6705,0.8007,-0.4404,0.0,-0.7269,0.2579,0.0,0.4019,0.9959,0.9998,0.9964,0.9997,-0.9722,0.9974,0.9984,-0.9971,0.9995,1.0,0.9992,-0.9855,0.9905,0.1343,-0.9724,0.9996,0.6278,0.9673,0.9954,0.98,yes,91
-0.5517,-0.25,0.1586,0.6239,-0.017,-0.373,0.4352,-0.5722,0.8988,0.9996,0.9983,0.9945,0.9995,-0.9996,0.9999,0.9673,0.9998,0.9969,0.9993,0.9995,-0.9979,0.9928,-0.9904,-0.9983,0.9568,0.8246,0.994,0.988,yes,90
0.6593,0.6369,0.504,0.4717,-0.3182,-0.9507,0.9794,-0.9998,-0.8674,-0.3476,0.3644,0.9994,-0.34,0.9985,0.0,0.8573,-0.9949,1.0,0.8783,0.9774,0.9964,0.835,0.9989,0.9994,0.0,yes,85
-0.25,0.1586,0.6239,-0.017,-0.373,0.4352,-0.5722,0.8988,0.9996,0.9983,0.9945,0.9995,-0.9996,0.9999,0.9673,0.9998,0.9969,0.9993,0.9995,-0.9979,0.9928,-0.9904,-0.9983,0.9568,0.8246,0.994,0.988,no,5
0.6593,0.6369,0.504,0.4717,-0.3182,-0.9507,0.9794,-0.9998,-0.8674,-0.3476,0.3644,0.9994,-0.34,0.9985,0.0,0.8573,-0.9949,1.0,0.8783,0.9774,0.9964,0.835,0.9989,0.9994,0.0,yes,92
-0.1027,0.1657,-0.7564,0.4767,0.3612,-0.3612,0.9997,0.9996,0.9975,0.9694,0.9997,0.9791,-0.953,0.0,0.0,0.9966,0.9954,0.0,0.9999,0.9992,0.9999,1.0,0.9988,0.9967,0.9989,0.9999,no,1
-0.7564,0.4767,0.3612,-0.3612,0.9997,0.9996,0.9975,0.9694,0.9997,0.9791,-0.953,0.0,0.0,0.9966,0.9954,0.0,0.9999,0.9992,0.9999,1.0,0.9988,0.9967,0.9989,0.9999,yes,97
-0.7564,0.4767,0.3612,-0.3612,0.9997,0.9996,0.9975,0.9694,0.9997,0.9791,-0.953,0.0,0.0,0.9966,0.9954,0.0,0.9999,0.9992,0.9999,1.0,0.9988,0.9967,0.9989,0.9999,yes,92
0.0,-0.2244,0.7351,0.8169,0.2869,0.5106,0.7964,0.6369,0.1263,0.8298,0.5859,0.0,0.0,0.9042,-0.6369,0.368,-0.7184,-0.3818,-0.5267,-0.9894,-0.9999,0.9996,0.9461,0.9974,0.0,0.9943,0.9923,0.9994,0.0,0.9784,0.9949,0.9935,0.9928,0.9862,-0.9997,-0.9914,0.9991,-0.9672,-0.9993,yes,90
-0.7564,0.4767,0.3612,-0.3612,0.9997,0.9996,0.9975,0.9694,0.9997,0.9791,-0.953,0.0,0.0,0.9966,0.9954,0.9999,0.9992,0.9999,1.0,0.9988,0.9967,0.9989,0.9999,0.9904,no,1
-0.7564,0.4767,0.3612,-0.3612,0.9997,0.9996,0.9975,0.9694,0.9997,0.9791,-0.953,0.0,0.0,0.9966,0.9954,0.9999,0.9992,0.9999,1.0,0.9988,0.9967,0.9989,0.9999,0.9904,yes,92
0.6662,0.8271,0.836,-0.7887,0.8885,0.5719,0.202,0.9349,-0.7154,0.91,0.6924,0.7845,0.9703,0.7628,0.0387,0.974,0.8622,-0.2944,-0.6486,0.7845,0.9997,0.9996,0.9997,0.9955,0.9981,0.9747,0.9964,0.8541,0.9888,0.9803,0.978,-0.651,0.9997,0.9904,-0.9275,0.9913,0.4817,0.8404,0.9974,0.4404,yes,90
-0.7564,0.4767,0.3612,-0.3612,0.9997,0.9996,0.9975,0.9694,0.9997,0.9791,-0.953,0.0,0.0,0.9966,0.9954,0.9999,0.9992,0.9999,1.0,0.9988,0.9967,0.9989,0.9999,0.9904,no,1
-0.7564,0.4767,0.3612,-0.3612,0.9997,0.9996,0.9975,0.9997,0.9791,-0.953,0.0,0.0,0.9966,0.9954,0.9999,0.9992,0.9999,1.0,0.9988,0.9967,0.9989,0.9999,0.9904,0.9997,yes,95
-0.7564,0.4767,0.3612,-0.3612,0.9997,0.9996,0.9975,0.9997,0.9791,-0.953,0.0,0.9966,0.9954,0.9999,0.9992,0.9999,1.0,0.9988,0.9967,0.9989,0.9999,0.9904,0.9997,0.9909,yes,97
0.0,0.775,-0.8321,-0.8885,0.0,0.0,0.875,0.6369,0.0,0.5563,0.8439,0.8402,0.6124,0.7263,0.6988,0.765,-0.4019,0.4019,0.8176,0.0,0.9996,0.9916,0.9997,1.0,0.9957,0.9994,-0.9629,0.9991,-0.5291,-0.8006,0.9994,0.9177,-0.2825,-0.9827,0.8779,0.9998,0.9826,0.8743,0.9679,yes,80
0.0,0.965,0.5927,0.6369,-0.4939,0.8655,-0.204,0.6705,0.4363,-0.6486,-0.1531,0.4767,0.2247,-0.9715,0.7847,0.0772,0.4939,0.7676,0.6124,-0.431,0.986,-0.9963,0.9997,0.9972,0.0,0.9995,-0.9869,0.9928,0.9996,0.9997,0.998,-0.9994,0.9941,0.9959,0.9968,0.9996,0.3182,0.9994,0.9997,0.9977,yes,92
0.0,0.775,-0.8321,-0.8885,0.0,0.0,0.875,0.6369,0.0,0.5563,0.8439,0.8402,0.6124,0.7263,0.6988,0.765,-0.4019,0.4019,0.8176,0.0,0.9996,0.9916,0.9997,1.0,0.9957,0.9994,-0.9629,0.9991,-0.5291,-0.8006,0.9994,0.9177,-0.2825,-0.9827,0.8779,0.9998,0.9826,0.8743,0.9679,no,1
0.965,0.5927,0.6369,-0.4939,0.8655,-0.204,0.6705,0.4363,-0.6486,-0.1531,0.4767,0.2247,-0.9715,0.7847,0.0772,0.4939,0.7676,0.6124,-0.431,0.8872,0.986,-0.9963,0.9997,0.9972,0.0,0.9995,-0.9869,0.9928,0.9996,0.9997,0.998,-0.9994,0.9941,0.9959,0.9968,0.9996,0.3182,0.9994,0.9997,0.9977,yes,99
0.0,0.775,-0.8321,-0.8885,0.0,0.0,0.875,0.6369,0.0,0.5563,0.8439,0.8402,0.6124,0.7263,0.6988,0.765,-0.4019,0.4019,0.8176,0.0,0.9996,0.9916,0.9997,1.0,0.9957,0.9994,-0.9629,0.9991,-0.5291,-0.8006,0.9994,0.9177,-0.2825,-0.9827,0.8779,0.9998,0.9826,0.8743,0.9679,yes,95
0.775,-0.8321,-0.8885,0.0,0.0,0.875,0.6369,0.0,0.5563,0.8439,0.8402,0.6124,0.7263,0.6988,0.765,-0.4019,0.4019,0.8176,0.5256,0.0,0.9996,0.9916,0.9997,1.0,0.9957,0.9994,-0.9629,0.9991,-0.5291,-0.8006,0.9994,0.9177,-0.2825,-0.9827,0.8779,0.9998,0.9826,0.8743,0.9679,yes,80
-0.1531,0.4767,0.2247,-0.9715,0.7847,0.0772,0.4939,0.7676,0.6124,-0.431,0.8872,0.2023,0.0387,-0.6597,0.8042,0.4195,0.7783,0.6908,0.8951,0.9568,0.986,-0.9963,0.9997,0.9972,0.0,0.9995,-0.9869,0.9928,0.9996,0.9997,0.998,-0.9994,0.9941,0.9959,0.9968,0.9996,0.3182,0.9994,0.9997,0.9977,no,2
0.3612,-0.3612,0.9997,0.9996,0.9975,0.9997,0.9791,0.0,0.9966,0.9954,0.9999,0.9992,0.9999,1.0,0.9988,0.9967,0.9989,0.9999,0.9904,0.9997,0.9909,0.9474,yes,94
0.9849,-0.1531,-0.7149,0.0,-0.4003,-0.6331,-0.1613,0.9213,0.0,0.5267,0.6523,0.0,0.1531,0.937,-0.7405,0.3771,0.6369,1.0,0.9962,0.9866,0.9856,-0.9507,-0.9889,0.9977,-0.9916,0.9995,-0.9869,0.9928,-0.9872,0.963,0.9997,0.9996,0.9959,-0.8933,0.9696,-0.9987,0.9968,no,1
0.7816,0.0772,-0.2869,0.5258,0.2023,0.4574,0.0,0.0,0.2023,0.0,0.0,0.7732,0.5267,0.9981,0.9998,0.9996,0.9999,0.3612,0.9951,-0.9953,-0.6133,0.9978,0.0,1.0,0.7965,0.9998,-0.9968,0.0,-0.9975,0.9976,1.0,-0.3447,0.9745,no,2
-0.1179,0.3237,0.4588,-0.1901,0.7935,0.6597,-0.7717,0.8225,-0.25,0.6369,0.4404,-0.3392,-0.4854,0.3313,0.4019,0.0,0.9645,0.7339,0.6908,0.4019,0.9997,-0.9507,0.9736,0.9959,0.9996,0.9994,0.9393,0.9996,0.9862,1.0,0.9998,0.9996,-0.9629,-0.9629,-0.8192,0.9964,0.9996,0.9964,0.91,0.835,no,1
0.0,0.7845,-0.1901,0.26,-0.296,-0.5106,0.7824,0.0,-0.296,-0.4939,0.0772,0.2023,-0.4767,-0.642,0.4226,-0.5859,0.7396,0.6486,-0.2263,-0.3612,0.9997,0.9996,0.9997,0.5829,0.9765,1.0,0.8356,-0.9921,1.0,0.9984,0.9984,-0.9968,0.9437,0.9984,0.9382,-0.9971,0.999,0.9936,-0.9894,0.9996,no,2
0.7845,-0.1901,0.26,-0.296,-0.5106,0.7824,0.0,-0.296,-0.4939,0.0772,0.2023,-0.4767,-0.642,0.4226,-0.5859,0.7396,0.6486,-0.2263,-0.3612,0.6651,0.9997,0.9996,0.9997,0.5829,0.9765,1.0,0.8356,-0.9921,1.0,0.9984,0.9984,-0.9968,0.9437,0.9984,0.9382,-0.9971,0.999,0.9936,-0.9894,0.9996,yes,87
-0.296,-0.5106,0.7824,0.0,-0.296,-0.4939,0.0772,0.2023,-0.4767,-0.642,0.4226,-0.5859,0.7396,0.6486,-0.2263,-0.3612,0.6651,-0.2732,-0.5423,-0.5106,0.9997,0.9996,0.9997,0.5829,0.9765,1.0,0.8356,-0.9921,1.0,0.9984,0.9984,-0.9968,0.9437,0.9984,0.9382,-0.9971,0.999,0.9936,-0.9894,0.9996,yes,83
0.34,-0.2247,-0.7555,0.0,0.3919,0.6705,0.6459,0.9435,0.0,0.3612,0.4168,-0.1779,0.9336,0.9719,-0.5423,0.4588,0.2846,0.2514,0.5495,0.2182,0.9997,-0.9507,0.9736,0.9959,0.9996,0.9994,0.9393,0.9996,0.9862,1.0,0.9998,0.9996,-0.9629,-0.9629,-0.8192,0.9964,0.9996,0.9964,0.91,0.835,yes,85
-0.4939,0.0772,0.2023,-0.4767,-0.642,0.4226,-0.5859,0.7396,0.6486,-0.2263,-0.3612,0.6651,-0.2732,-0.5423,-0.5106,0.9001,0.6239,-0.5802,0.296,0.5994,0.9997,0.9996,0.9997,0.5829,0.9765,1.0,0.8356,-0.9921,1.0,0.9984,0.9984,-0.9968,0.9437,0.9984,0.9382,-0.9971,0.999,0.9936,-0.9894,0.9996,yes,90
-0.4767,-0.642,0.4226,-0.5859,0.7396,0.6486,-0.2263,-0.3612,0.6651,-0.2732,-0.5423,-0.5106,0.9001,0.6239,-0.5802,0.296,0.5994,-0.6486,-0.9236,-0.033,0.9997,0.9996,0.9997,0.5829,0.9765,1.0,0.8356,-0.9921,1.0,0.9984,0.9984,-0.9968,0.9437,0.9984,0.9382,-0.9971,0.999,0.9936,-0.9894,0.9996,yes,88
0.3612,0.0,1.0,1.0,0.7351,0.0,0.9981,-0.8779,0.0,-0.9963,0.9989,-0.8733,0.0,0.0,0.0,0.9856,-0.8756,0.9423,0.0,0.9373,0.5214,0.3262,yes,58
-0.2568,0.0,-0.2263,0.0,0.5824,-0.9452,0.8519,0.34,-0.25,0.5859,0.5106,-0.1088,-0.465,0.9997,-0.5267,0.3818,0.0,0.0,0.9995,0.2755,-0.2263,0.0,0.9869,0.9721,0.0,-0.9994,0.9974,0.0,-0.8277,0.979,0.0,0.2023,no,1
0.0,-0.2263,0.0,0.5824,-0.9452,0.8519,0.34,-0.25,0.5859,0.5106,-0.1088,-0.465,0.9997,-0.5267,0.3818,0.0,0.0,0.9995,0.2755,-0.2263,0.0,0.9869,0.9721,0.0,-0.9994,0.9974,0.0,-0.8277,0.979,0.0,0.2023,yes,82
0.4404,0.0,-0.4215,0.9534,1.0,0.9999,-0.9763,-0.9997,0.9925,-0.9978,0.9774,0.9993,-0.9188,-0.9998,-0.9999,-0.9978,-0.9924,1.0,0.9431,0.9933,-0.9992,0.9998,-0.9966,0.9993,yes,90
-0.68,0.4404,0.0,0.4912,0.4215,0.5962,0.5106,0.0,0.0,0.0,-0.4229,0.3612,0.0,0.4159,0.5267,-0.6776,0.7171,-0.3468,-0.5267,0.0,0.9904,-0.9968,-0.4319,-0.9991,0.998,0.9357,0.9673,-0.9372,-0.9996,0.9813,-0.9997,-0.9986,-0.9115,1.0,0.2513,0.9986,-0.9998,0.9994,0.9607,0.9996,yes,40
-0.7269,0.0,-0.0207,0.6486,-0.3824,0.4404,0.6757,0.34,0.4939,0.6124,0.4854,0.6478,-0.0772,0.5719,0.4019,0.4574,0.6239,0.5719,0.4965,0.9273,0.5093,0.296,0.0,0.986,0.3646,0.4215,-0.8313,0.9612,0.0,-0.2263,0.4215,0.0,-0.128,0.7351,0.4215,0.0,0.7102,0.9989,0.991,no,1
0.34,-0.25,0.5859,0.5106,-0.1088,-0.465,0.9997,-0.5267,0.3818,0.0,0.0,0.9995,0.2755,-0.2263,0.0,0.9869,0.9721,0.0,-0.9994,0.9974,0.0,-0.8277,0.979,0.0,0.2023,yes,75
0.8225,0.4854,-0.2152,0.7966,0.0,0.7469,0.9359,0.4397,0.0,0.6447,0.743,1.0,0.9614,-0.8313,0.9989,0.9997,-0.2008,-0.9507,-0.5471,0.9977,-0.9916,0.9995,0.999,-0.9869,0.9984,0.9873,0.9987,0.9974,-0.9205,-0.8192,0.9959,no,3
0.0,-0.3291,0.1027,-0.5413,0.7125,0.0258,0.7096,0.8168,0.3612,0.0,-0.1779,0.7178,0.4767,-0.254,0.6486,0.9592,0.8338,-0.3612,0.0,0.5106,1.0,0.9962,-0.5719,0.9856,-0.4168,0.4767,0.9887,-0.9869,0.4215,0.0,0.9777,0.9973,0.9969,0.3612,0.9898,0.9943,-0.9986,0.9994,0.9985,0.9975,no,1
0.8225,0.4854,-0.2152,0.7966,0.0,0.7469,0.9359,0.4397,0.0,0.6447,0.743,1.0,0.9614,-0.8313,0.9989,0.9997,-0.2008,-0.9507,-0.5471,0.9977,-0.9916,0.9995,0.999,-0.9869,0.9984,0.9873,0.9987,0.9974,-0.9205,-0.8192,0.9959,yes,45
0.7125,0.0258,0.7096,0.8168,0.3612,0.0,-0.1779,0.7178,0.4767,-0.254,0.6486,0.9592,0.8338,-0.3612,0.0,0.5106,0.9345,0.5046,-0.4856,0.0,1.0,0.9962,-0.5719,0.9856,-0.4168,0.4767,0.9887,-0.9869,0.4215,0.0,0.9777,0.9973,0.9969,0.3612,0.9898,0.9943,-0.9986,0.9994,0.9985,0.9975,no,3
-0.5746,-0.128,0.4692,0.4767,0.6588,0.0516,0.5983,0.0,0.2732,0.5574,0.2732,-0.0338,-0.7506,0.899,-0.6723,-0.25,0.4939,0.0772,0.9168,0.4404,0.5574,-0.9968,-0.9999,0.9996,0.9998,0.8144,0.9967,-0.9963,-0.9999,0.9995,0.9629,-0.9966,0.862,-0.9994,-0.9927,0.9993,0.9995,0.9739,-0.4389,1.0,yes,76
0.4767,0.6588,0.0516,0.5983,0.0,0.2732,0.5574,0.2732,-0.0338,-0.7506,0.899,-0.6723,-0.25,0.4939,0.0772,0.9168,0.4404,0.4767,0.0,0.7269,0.5574,-0.9968,-0.9999,0.9996,0.9998,0.8144,0.9967,-0.9963,-0.9999,0.9995,0.9629,-0.9966,0.862,-0.9994,-0.9927,0.9993,0.9995,0.9739,-0.4389,1.0,yes,90
-0.34,0.0,0.9276,0.0516,-0.4023,-0.4019,0.7763,0.7763,0.9172,0.4199,0.8481,0.8439,-0.7506,-0.6369,-0.25,0.0,0.9251,0.0258,0.6634,-0.1655,0.9273,0.5093,0.296,0.0,0.986,0.3646,0.4215,-0.8313,0.9612,0.0,-0.2263,0.4215,0.0,-0.128,0.7351,0.4215,0.0,0.7102,0.9989,0.991,yes,97
0.5106,0.9345,0.5046,-0.4856,0.0,0.7717,-0.4271,0.858,0.0,-0.1901,-0.6908,0.8126,0.296,0.4675,0.8828,0.3716,-0.25,0.0516,-0.0,0.7096,1.0,0.9962,-0.5719,0.9856,-0.4168,0.4767,0.9887,-0.9869,0.4215,0.0,0.9777,0.9973,0.9969,0.3612,0.9898,0.9943,-0.9986,0.9994,0.9985,0.9975,no,1
-0.25,0.9196,0.7351,0.3182,0.296,0.5334,0.0,0.3818,0.7881,0.8932,0.1124,-0.2047,0.7088,-0.4389,0.6136,0.7351,-0.4215,0.8316,0.2797,0.7352,0.9273,0.5093,0.296,0.0,0.986,0.3646,0.4215,-0.8313,0.9612,0.0,-0.2263,0.4215,0.0,-0.128,0.7351,0.4215,0.0,0.7102,0.9989,0.991,yes,75
0.6249,0.3612,0.1531,0.25,0.8481,-0.7099,-0.8555,-0.5267,0.2023,0.0,0.4926,-0.4404,-0.5302,0.8451,-0.6808,0.1593,0.3291,0.6278,0.0,0.8519,1.0,0.9992,0.9517,0.9856,0.8764,-0.9506,0.9997,0.9982,0.5267,0.9815,-0.296,0.9961,-0.4588,0.9993,0.6135,0.2732,-0.8678,-0.9889,0.7964,0.9846,yes,82
0.4662,-0.886,-0.2406,0.2263,0.6642,0.1531,-0.4215,0.5785,-0.2144,-0.1027,0.0,0.4003,-0.1531,0.0,-0.4215,0.4767,-0.7346,-0.6378,0.0,0.9523,0.9273,0.5093,0.296,0.0,0.986,0.3646,0.4215,-0.8313,0.9612,0.0,-0.2263,0.4215,0.0,-0.128,0.7351,0.4215,0.0,0.7102,0.9989,0.991,yes,58
0.8555,-0.4111,0.2942,-0.6341,0.0,0.7717,-0.7009,0.3976,0.8217,0.6997,0.9726,0.3919,0.7506,0.2748,0.8743,0.7865,0.6369,0.6124,0.0,0.9273,0.5093,0.296,0.0,0.986,0.3646,0.4215,-0.8313,0.9612,0.0,-0.2263,0.4215,0.0,-0.128,0.7351,0.4215,0.0,0.7102,0.9989,0.991,yes,50
0.9273,0.5093,0.296,0.0,0.986,0.3646,0.4215,-0.8313,0.9612,0.0,-0.2263,0.4215,0.0,-0.128,0.7351,0.4215,0.0,0.7102,0.9989,0.991,yes,83
-0.4019,0.4939,0.9494,1.0,-0.8851,0.998,0.9988,0.9992,-0.9999,0.9996,0.9998,0.9673,0.9022,0.9445,0.9997,-0.9922,0.9475,-0.658,0.9963,0.9924,no,2
0.807,0.128,0.4795,0.7925,0.2382,0.743,0.2391,0.6767,0.0,-0.5696,0.0,0.9413,0.5267,0.5574,0.3498,0.8711,0.0,0.0,0.9432,0.0,0.7385,0.0,0.5719,0.9997,0.0,-0.5657,0.0,0.5927,0.9765,0.0,0.0,-0.9985,0.0,0.9947,-0.9903,0.9972,0.0,0.0,0.9971,0.9857,,98
0.8225,0.7297,-0.0258,-0.1943,-0.1943,-0.1943,-0.1943,-0.1943,0.9208,0.7906,-0.2263,0.0,0.0,-0.4588,0.4995,0.4995,0.0,0.4995,-0.3182,0.0,-0.1449,0.0,-0.9968,-0.2263,0.9997,0.0,0.4588,0.0,-0.3164,-0.9998,0.3355,0.6705,-0.9724,0.0,0.9922,0.9932,0.0,-1.0,0.9999,0.9936,yes,54
0.9386,0.8979,0.0,0.0,0.8481,0.0,0.0,0.4588,-0.3612,0.0,0.2263,0.4404,0.0,0.4767,0.0,0.0,-0.2244,0.9612,0.0,0.0,0.3612,0.0,0.0,0.0,0.9995,0.0,-0.9869,0.0,0.5719,-0.9986,0.6369,0.0,0.0,0.7579,-0.9962,0.0,0.9961,-0.0772,0.9991,0.9972,no,15
0.7092,0.0,-0.5106,-0.4019,-0.483,0.0,0.6908,0.0772,-0.3886,0.3612,0.0,-0.1585,0.6059,0.836,0.6476,0.7845,0.5542,0.0,-0.1779,0.9134,0.3612,0.0,0.0,0.0,0.9995,0.0,-0.9869,0.0,0.5719,-0.9986,0.6369,0.0,0.0,0.7579,-0.9962,0.0,0.9961,-0.0772,0.9991,0.9972,no,4
-0.5848,0.1027,-0.8658,-0.5423,-0.5423,0.1406,-0.7351,0.1511,-0.5707,0.3818,-0.802,0.0,-0.1531,-0.34,-0.9153,-0.1212,-0.7717,-0.5423,-0.6956,-0.6249,1.0,0.9989,-0.9999,0.9967,0.9794,-0.9916,0.9995,-0.9869,-0.9385,-0.888,-0.9988,0.9996,0.9994,0.9985,-0.8402,-0.9795,0.9999,-0.9897,0.9946,-0.998,yes,96
-0.6486,-0.4939,-0.6808,-0.9217,-0.6486,-0.2263,-0.2263,-0.8834,-0.5859,-0.9451,-0.7184,-0.6486,-0.6486,-0.5859,-0.628,-0.6486,-0.2263,-0.5859,0.0,-0.9869,0.9996,0.9985,0.9997,0.9454,0.3723,0.9735,0.9954,0.9926,-0.9978,-0.9267,0.9972,0.9998,-0.5106,0.9982,0.9948,-0.9936,0.2301,0.9834,0.9661,yes,99
0.0,0.6705,0.5994,-0.0129,0.8674,0.1531,0.128,-0.5574,0.2354,-0.4391,0.1531,0.552,-0.4641,0.4131,-0.4767,0.5859,0.8126,0.5093,0.9477,0.2263,-0.4567,-0.7681,0.4754,-0.9932,-0.5574,0.0,-0.6711,-0.6705,0.9988,0.9976,-0.4588,0.9997,0.882,0.0,-0.9981,0.2387,0.3612,-0.9995,-0.9989,-0.9975,yes,99
0.0,0.3612,-0.4215,-0.3626,0.4995,0.0,-0.296,0.0,0.6124,-0.3182,0.0,-0.5897,-0.4404,0.3818,-0.4567,-0.7681,0.4754,-0.9932,-0.5574,0.0,-0.6711,-0.6705,0.9988,0.9976,-0.4588,0.9997,0.882,0.0,-0.9981,0.2387,0.3612,-0.9995,-0.9989,-0.9975,yes,99
-0.6209,-0.91,-0.8625,0.8895,-0.2755,0.4939,0.7611,0.5508,0.1531,0.4767,-0.2465,0.7003,-0.5106,-0.296,0.0,0.1494,-0.6133,-0.9208,-0.4215,0.0,-0.4567,-0.7681,0.4754,-0.9932,-0.5574,0.0,-0.6711,-0.6705,0.9988,0.9976,-0.4588,0.9997,0.882,0.0,-0.9981,0.3612,-0.9995,-0.9989,-0.9975,0.9986,yes,94
0.8264,-0.6757,-0.8255,0.7131,0.4475,0.5994,0.4215,0.6478,0.6249,-0.5939,0.8953,-0.1513,0.2023,0.2355,0.0,-0.8427,0.5848,0.8699,0.5346,-0.8807,1.0,-0.8871,0.9962,0.9992,0.9748,0.9981,0.0,0.2144,-0.4939,-0.9422,0.9952,0.9157,0.9996,0.0,0.9373,0.0,-0.9998,-0.9863,0.0,0.9997,no,5
0.128,0.5687,-0.6859,0.8689,0.9464,0.0,0.5719,0.8934,0.9451,0.5574,-0.4588,0.0772,-0.2732,-0.2732,-0.2732,-0.2732,-0.2732,-0.2732,-0.2732,-0.2732,1.0,-0.8871,0.9962,0.9992,0.9748,0.9981,0.0,0.2144,-0.4939,-0.9422,0.9952,0.9157,0.9996,0.0,0.9373,0.0,-0.9998,-0.9863,0.0,0.9997,yes,98
0.8651,0.3583,-0.6808,0.7717,-0.8807,-0.4767,-0.3117,-0.5574,0.4767,0.7506,0.228,0.9051,-0.4203,0.0,0.1901,0.9403,-0.3046,0.4215,0.2263,0.0,1.0,1.0,0.4019,-0.4215,-0.8871,0.7709,0.9914,-0.4019,0.9992,0.7568,0.6342,0.2144,0.4019,-0.9963,0.9952,0.9994,0.9958,-0.1039,0.9866,0.9157,no,3
0.1406,0.1232,0.8591,-0.5994,0.9598,0.9135,0.529,0.9719,-0.5622,-0.0697,0.4749,0.5023,-0.1027,0.7378,0.8442,0.624,0.5093,-0.2023,-0.8595,0.34,1.0,-0.8871,0.9962,0.9992,0.9748,0.9981,0.0,0.2144,-0.4939,-0.9422,0.9952,0.9157,0.9996,0.0,0.9373,0.0,-0.9998,-0.9863,0.0,0.9997,no,12
-0.8625,-0.9069,-0.8323,-0.933,-0.9993,0.9448,-0.9987,0.9029,-0.9968,0.9987,-0.9804,0.9975,-0.972,-0.891,-0.9966,-0.9158,0.9998,0.9859,0.9996,0.9999,-0.999,-0.9315,yes,77
-0.8625,-0.9069,-0.8323,-0.933,-0.9993,0.9448,-0.9987,0.9029,-0.9968,0.9987,-0.9804,0.9975,-0.972,-0.891,-0.9966,-0.9158,0.9998,0.9859,0.9996,0.9999,-0.999,-0.9315,yes,98
0.6858,0.5346,0.8433,0.4199,0.5321,-0.3382,-0.8457,0.1749,0.9847,0.4857,-0.1823,-0.2247,-0.0772,0.3612,0.8445,0.0,0.3612,0.5106,0.8459,-0.8218,1.0,0.9914,0.9992,0.6342,0.9952,0.9994,0.9979,-0.1039,0.7814,0.8764,0.4327,0.9997,0.9981,-0.9999,-0.9967,0.9993,0.8225,0.9966,0.9846,0.9794,no,49
0.743,0.7506,1.0,1.0,0.9992,-0.1039,-0.9998,-0.9916,-0.9001,0.9995,-0.9869,0.9997,0.9973,0.9989,0.9779,0.9831,0.9924,0.9996,-0.999,0.9903,0.8922,0.9994,yes,29
0.9745,0.7175,0.7579,0.7579,0.9744,-0.2819,0.2103,0.3612,0.8814,0.8716,0.5346,0.9183,0.505,0.4404,-0.2579,0.7478,-0.2263,-0.5737,0.6593,0.2023,0.2118,0.4588,0.0,0.2263,0.9998,0.9984,0.0,0.0,-0.9894,0.9998,-0.9988,-0.8557,0.0,0.9967,0.9999,-0.9997,0.7184,0.0,0.9346,0.0,no,14
0.9997,0.9997,0.7955,1.0,0.8785,0.9981,-0.9999,1.0,1.0,0.9662,0.9999,-0.9997,0.9994,0.9946,-0.5574,-0.8478,0.9894,-0.9928,0.9997,0.9998,yes,20
-0.2755,0.5994,0.25,0.5848,0.0,0.8479,-0.0516,-0.128,0.7964,0.9432,0.1315,0.34,-0.7836,0.2942,-0.7057,0.885,0.8617,0.5574,0.7826,0.0,0.8597,-0.947,-0.9986,0.9581,0.5931,-0.9999,0.9975,-0.9957,-0.9988,0.992,0.9777,-0.9919,0.9958,-0.999,-0.9986,-0.999,-0.9923,-0.9977,0.7836,0.6229,no,10
0.5346,-0.1027,-0.8186,0.5023,-0.4203,-0.0772,0.0,0.6486,0.8957,-0.3182,0.9037,-0.0408,-0.4939,0.7424,-0.5006,-0.5344,-0.7976,0.7964,0.9279,-0.5583,-0.4939,-0.5574,0.0,0.9866,-0.8442,0.9856,0.9557,0.9997,-0.9967,0.0258,-0.947,-0.5471,0.0,0.9967,-0.8755,-0.9889,0.0,-0.2263,0.9794,0.5499,no,22
0.9997,0.9997,0.7955,1.0,0.8785,0.9981,-0.9999,1.0,1.0,0.9662,0.9999,-0.9997,0.9994,0.9946,-0.5574,-0.8478,0.9894,-0.9928,0.9997,0.9998,no,17
-0.5583,0.6997,0.1513,-0.9468,0.251,0.4426,-0.3612,-0.5719,0.8435,0.6478,0.5574,-0.8316,0.9117,0.8605,0.3464,0.0,0.7767,0.5267,-0.3919,0.7146,-0.4939,-0.5574,0.0,0.9866,-0.8442,0.9856,0.9557,0.9997,-0.9967,0.0258,-0.947,-0.5471,0.0,0.9967,-0.8755,-0.9889,0.0,-0.2263,0.9794,0.5499,yes,79
0.0,0.872,0.7579,0.9371,-0.3818,0.6369,0.0772,0.0,0.6807,0.9995,0.9959,0.6369,1.0,1.0,0.9856,-0.9999,0.6808,0.9693,-0.9724,0.0,0.9648,0.9998,0.9939,0.6597,0.9999,0.9995,0.5859,0.9996,0.3076,no,1
-0.8271,0.0,0.9152,0.1779,0.1531,0.6227,-0.3716,0.3182,0.0,0.3716,0.5574,0.6705,0.3919,0.1531,0.7269,-0.8839,0.4404,0.8971,0.6697,0.4215,1.0,0.9979,0.9866,-0.9998,-0.4404,0.1872,-0.9999,0.0,-0.9967,-0.9507,0.5859,-0.947,0.0,0.6597,-0.4767,-0.5994,0.765,-0.1531,0.6597,0.9995,no,20
-0.323,0.2023,-0.5719,-0.7906,0.8991,0.9137,0.2475,0.5673,0.128,0.2263,0.7184,0.8773,0.2263,0.2707,0.9201,-0.296,0.7769,0.922,0.9505,1.0,0.9914,0.9992,-0.9863,-0.5471,-0.5994,0.0,0.9794,0.8994,0.9994,-0.9869,0.9928,0.9847,0.9715,-0.9957,0.9997,0.9383,-0.9919,0.1431,0.9989,no,3
0.2023,-0.611,0.6486,-0.8271,-0.4854,-0.7003,-0.5574,-0.4574,0.0516,-0.4939,-0.8567,-0.0516,-0.0516,-0.8588,-0.3612,-0.5574,-0.4019,-0.743,-0.623,0.4019,-0.9967,0.9794,-0.9252,0.9228,-0.9959,-0.9994,-0.9987,-0.9996,0.9996,-0.9977,0.7141,0.9964,0.9975,-0.9208,-0.9999,-0.9994,-0.4414,-0.998,-0.9956,-0.9908,no,3
0.4215,0.9315,0.7745,-0.5574,0.765,0.7003,0.7461,0.659,0.1511,0.2023,0.2023,0.2263,0.4374,-0.8977,-0.802,-0.9118,0.4404,-0.575,-0.7062,0.1531,1.0,0.9979,0.9866,-0.9998,-0.4404,0.1872,-0.9999,0.0,-0.9967,-0.9507,0.5859,-0.947,0.0,0.6597,-0.4767,-0.5994,0.765,-0.1531,0.6597,0.9995,yes,86
0.8654,0.2235,0.1926,0.8614,-0.6012,0.3164,0.5106,0.6369,0.8979,0.7351,0.1779,-0.6369,-0.5859,0.34,0.8614,-0.0289,-0.0276,-0.6303,-0.4389,0.872,1.0,0.9914,0.9992,-0.9863,-0.5471,-0.5994,0.0,0.9794,0.8994,0.9994,-0.9869,0.9928,0.9847,0.9715,-0.9957,0.9997,0.9383,-0.9919,0.1431,0.9989,no,1
0.4404,0.8126,-0.3204,-0.1761,-0.4019,0.6696,0.4588,-0.3939,0.3049,0.0,0.4215,0.7845,0.079,-0.5859,0.1531,-0.3182,-0.2083,0.4199,-0.593,0.274,0.6901,0.9992,0.0,0.0,0.9997,-0.9511,0.9996,0.0,0.9954,-0.9782,0.9998,0.9998,0.0,0.0,0.9996,0.0772,0.609,0.8553,0.9759,0.9988,,96
0.4404,0.8126,-0.3204,-0.1761,-0.4019,0.6696,0.4588,-0.3939,0.3049,0.0,0.4215,0.7845,0.079,-0.5859,0.1531,-0.3182,-0.2083,0.4199,-0.593,0.274,0.6901,0.9992,0.0,0.0,0.9997,-0.9511,0.9996,0.0,0.9954,-0.9782,0.9998,0.9998,0.0,0.0,0.9996,0.0772,0.609,0.8553,0.9759,0.9988,,99
-0.4391,0.7827,0.5972,-0.6486,0.8118,0.0762,0.128,0.9153,0.714,0.1896,0.7269,0.7717,-0.2069,0.0258,-0.5423,-0.5859,-0.1531,0.3182,0.7269,0.8356,0.6901,0.9992,0.0,0.0,0.9997,-0.9511,0.9996,0.0,0.9954,-0.9782,0.9998,0.0,0.0,0.9996,0.0772,0.609,0.8553,0.9759,0.9988,0.8225,yes,99
-0.6486,0.8118,0.0762,0.128,0.9153,0.714,0.1896,0.7269,0.7717,-0.2069,0.0258,-0.5423,-0.5859,-0.1531,0.3182,0.7269,0.8356,0.9042,-0.5267,-0.25,0.6901,0.9992,0.0,0.0,0.9997,-0.9511,0.9996,0.0,0.9954,-0.9782,0.9998,0.0,0.0,0.9996,0.0772,0.609,0.8553,0.9759,0.9988,0.8225,yes,99
0.0762,0.128,0.9153,0.714,0.1896,0.7269,0.7717,-0.2069,0.0258,-0.5423,-0.5859,-0.1531,0.3182,0.7269,0.8356,0.9042,-0.5267,-0.25,0.234,0.8143,0.6901,0.9992,0.0,0.0,0.9997,-0.9511,0.9996,0.0,0.9954,-0.9782,0.9998,0.0,0.0,0.9996,0.0772,0.609,0.8553,0.9759,0.9988,0.8225,yes,98
0.9153,0.714,0.1896,0.7269,0.7717,-0.2069,0.0258,-0.5423,-0.5859,-0.1531,0.3182,0.7269,0.8356,0.9042,-0.5267,-0.25,0.234,0.8143,0.7896,0.0,0.6901,0.9992,0.0,0.0,0.9997,-0.9511,0.9996,0.0,0.9954,-0.9782,0.9998,0.0,0.0,0.9996,0.0772,0.609,0.8553,0.9988,0.8225,0.997,yes,99
0.7269,0.7717,-0.2069,0.0258,-0.5423,-0.5859,-0.1531,0.3182,0.7269,0.8356,0.9042,-0.5267,-0.25,0.234,0.8143,0.7896,0.0,0.2023,-0.5574,0.2732,0.6901,0.9992,0.0,0.0,0.9997,-0.9511,0.9996,0.0,0.9954,-0.9782,0.9998,0.0,0.0,0.9996,0.0772,0.609,0.8553,0.9988,0.8225,0.997,yes,99
-0.2069,0.0258,-0.5423,-0.5859,-0.1531,0.3182,0.7269,0.8356,0.9042,-0.5267,-0.25,0.234,0.8143,0.7896,0.0,0.2023,-0.5574,0.2732,0.8415,0.0,0.6901,0.9992,0.0,0.0,0.9997,-0.9511,0.9996,0.0,0.9954,0.9998,0.0,0.0,0.9996,0.0772,0.609,0.8553,0.9988,0.8225,0.997,0.3612,yes,99
-0.5423,-0.5859,-0.1531,0.3182,0.7269,0.8356,0.9042,-0.5267,-0.25,0.234,0.8143,0.7896,0.0,0.2023,-0.5574,0.2732,0.8415,0.0,0.7845,0.743,0.6901,0.9992,0.0,0.0,0.9997,-0.9511,0.9996,0.0,0.9954,0.9998,0.0,0.0,0.9996,0.0772,0.609,0.8553,0.9988,0.8225,0.997,0.3612,yes,98
-0.1531,0.3182,0.7269,0.8356,0.9042,-0.5267,-0.25,0.234,0.8143,0.7896,0.0,0.2023,-0.5574,0.2732,0.8415,0.0,0.7845,0.743,0.7061,0.4019,0.6901,0.9992,0.0,0.0,0.9997,-0.9511,0.9996,0.0,0.9954,0.9998,0.0,0.0,0.9996,0.0772,0.609,0.8553,0.9988,0.8225,0.997,0.3612,yes,99
0.8356,0.9042,-0.5267,-0.25,0.234,0.8143,0.7896,0.0,0.2023,-0.5574,0.2732,0.8415,0.0,0.7845,0.743,0.7061,0.4019,0.3612,0.6996,0.6966,0.6901,0.9992,0.0,0.0,0.9997,-0.9511,0.9996,0.0,0.9954,0.9998,0.0,0.0,0.9996,0.0772,0.609,0.8553,0.9988,0.8225,0.997,0.3612,yes,99
0.234,0.8143,0.7896,0.0,0.2023,-0.5574,0.2732,0.8415,0.0,0.7845,0.743,0.7061,0.4019,0.3612,0.6996,0.6966,0.0,0.0,0.0,0.4404,0.6901,0.9992,0.0,0.0,0.9997,-0.9511,0.9996,0.0,0.9954,0.9998,0.0,0.0,0.9996,0.0772,0.609,0.8553,0.9988,0.8225,0.997,0.3612,yes,97
0.0,0.2023,-0.5574,0.2732,0.8415,0.0,0.7845,0.743,0.7061,0.4019,0.3612,0.6996,0.6966,0.0,0.0,0.0,0.4404,0.296,0.3818,-0.8597,0.6901,0.9992,0.0,0.0,0.9997,-0.9511,0.9996,0.0,0.9954,0.9998,0.0,0.0,0.9996,0.0772,0.609,0.8553,0.9988,0.8225,0.997,0.3612,yes,99
-0.5574,0.2732,0.8415,0.0,0.7845,0.743,0.7061,0.4019,0.3612,0.6996,0.6966,0.0,0.0,0.0,0.4404,0.296,0.3818,-0.8597,0.5423,0.9423,0.6901,0.9992,0.0,0.0,0.9997,-0.9511,0.9996,0.0,0.9954,0.9998,0.0,0.0,0.9996,0.0772,0.609,0.8553,0.9988,0.8225,0.997,0.3612,yes,94
0.2732,0.8415,0.0,0.7845,0.743,0.7061,0.4019,0.3612,0.6996,0.6966,0.0,0.0,0.0,0.4404,0.296,0.3818,-0.8597,0.5423,0.9423,0.0,0.6901,0.9992,0.0,0.0,0.9997,-0.9511,0.9996,0.0,0.9954,0.9998,0.0,0.0,0.9996,0.0772,0.609,0.8553,0.9988,0.8225,0.997,0.3612,yes,97
0.0,0.7845,0.743,0.7061,0.4019,0.3612,0.6996,0.6966,0.0,0.0,0.0,0.4404,0.296,0.3818,-0.8597,0.5423,0.9423,0.0,0.0,-0.4023,0.6901,0.9992,0.0,0.0,0.9997,-0.9511,0.9996,0.0,0.9954,0.9998,0.0,0.0,0.9996,0.0772,0.609,0.8553,0.9988,0.8225,0.997,0.3612,yes,99
0.3612,0.6996,0.6966,0.0,0.0,0.0,0.4404,0.296,0.3818,-0.8597,0.5423,0.9423,0.0,0.0,-0.4023,-0.0908,-0.4767,0.0,0.7267,-0.7096,0.6901,0.9992,0.0,0.0,0.9997,-0.9511,0.9996,0.0,0.9954,0.9998,0.0,0.0,0.9996,0.0772,0.609,0.8553,0.9988,0.8225,0.997,0.3612,yes,99
0.0,0.0,0.0,0.4404,0.296,0.3818,-0.8597,0.5423,0.9423,0.0,0.0,-0.4023,-0.0908,-0.4767,0.0,0.7267,-0.7096,0.0,0.0,-0.807,0.6901,0.9992,0.0,0.0,0.9997,-0.9511,0.9996,0.0,0.9954,0.9998,0.0,0.0,0.9996,0.0772,0.609,0.8553,0.9988,0.8225,0.997,0.3612,yes,79
0.0,0.0,0.4404,0.296,0.3818,-0.8597,0.5423,0.9423,0.0,0.0,-0.4023,-0.0908,-0.4767,0.0,0.7267,-0.7096,0.0,0.0,-0.807,-0.7096,0.6901,0.9992,0.0,0.0,0.9997,-0.9511,0.9996,0.0,0.9954,0.9998,0.0,0.0,0.9996,0.0772,0.609,0.8553,0.9988,0.8225,0.997,0.3612,yes,99
0.296,0.3818,-0.8597,0.5423,0.9423,0.0,0.0,-0.4023,-0.0908,-0.4767,0.0,0.7267,-0.7096,0.0,0.0,-0.807,-0.7096,0.7997,0.7717,-0.34,0.6901,0.9992,0.0,0.0,0.9997,-0.9511,0.9996,0.0,0.9954,0.9998,0.0,0.0,0.9996,0.0772,0.609,0.8553,0.9988,0.8225,0.997,0.3612,yes,99
0.5423,0.9423,0.0,0.0,-0.4023,-0.0908,-0.4767,0.0,0.7267,-0.7096,0.0,0.0,-0.807,-0.7096,0.7997,0.7717,-0.34,0.9777,0.5719,0.0,0.6901,0.9992,0.0,0.0,0.9997,-0.9511,0.9996,0.0,0.9954,0.9998,0.0,0.0,0.9996,0.0772,0.609,0.8553,0.9988,0.8225,0.997,0.3612,yes,98
0.0,0.0,-0.4023,-0.0908,-0.4767,0.0,0.7267,-0.7096,0.0,0.0,-0.807,-0.7096,0.7997,0.7717,-0.34,0.9777,0.5719,0.0,0.6858,-0.296,0.6901,0.9992,0.0,0.0,0.9997,-0.9511,0.9996,0.0,0.9954,0.9998,0.0,0.0,0.9996,0.0772,0.609,0.8553,0.9988,0.8225,0.997,0.3612,yes,98
0.0,-0.4023,-0.0908,-0.4767,0.0,0.7267,-0.7096,0.0,0.0,-0.807,-0.7096,0.7997,0.7717,-0.34,0.9777,0.5719,0.0,0.6858,-0.296,0.6249,0.6901,0.9992,0.0,0.0,0.9997,-0.9511,0.9996,0.0,0.9954,0.9998,0.0,0.0,0.9996,0.0772,0.609,0.8553,0.9988,0.8225,0.997,0.3612,yes,99
0.0,0.7267,-0.7096,0.0,0.0,-0.807,-0.7096,0.7997,0.7717,-0.34,0.9777,0.5719,0.0,0.6858,-0.296,0.6249,0.0,0.0,-0.0018,0.6901,0.9992,0.0,0.0,0.9997,-0.9511,0.9996,0.0,0.9954,0.9998,0.0,0.0,0.9996,0.0772,0.609,0.8553,0.9988,0.8225,0.997,0.3612,yes,97
0.7267,-0.7096,0.0,0.0,-0.807,-0.7096,0.7997,0.7717,-0.34,0.9777,0.5719,0.0,0.6858,-0.296,0.6249,0.0,0.0,-0.0018,-0.0617,0.6901,0.9992,0.0,0.0,0.9997,-0.9511,0.9996,0.0,0.9954,0.9998,0.0,0.0,0.9996,0.0772,0.609,0.8553,0.9988,0.8225,0.997,0.3612,yes,99
0.7997,0.7717,-0.34,0.9777,0.5719,0.0,0.6858,-0.296,0.6249,0.0,0.0,-0.0018,-0.0617,-0.5267,0.4263,0.2023,-0.296,0.5106,0.2732,0.6901,0.9992,0.0,0.0,0.9997,-0.9511,0.9996,0.0,0.9954,0.9998,0.0,0.0,0.9996,0.0772,0.609,0.8553,0.9988,0.8225,0.997,0.3612,yes,95
0.7717,-0.34,0.9777,0.5719,0.0,0.6858,-0.296,0.6249,0.0,0.0,-0.0018,-0.0617,-0.5267,0.4263,0.2023,-0.296,0.5106,0.2732,0.8905,0.6901,0.9992,0.0,0.0,0.9997,-0.9511,0.9996,0.0,0.9954,0.9998,0.0,0.0,0.9996,0.0772,0.609,0.8553,0.9988,0.8225,0.997,0.3612,yes,99
0.9777,0.5719,0.0,0.6858,-0.296,0.6249,0.0,0.0,-0.0018,-0.0617,-0.5267,0.4263,0.2023,-0.296,0.5106,0.2732,0.8905,0.8047,-0.228,0.6901,0.9992,0.0,0.0,0.9997,-0.9511,0.9996,0.0,0.9954,0.9998,0.0,0.0,0.9996,0.0772,0.609,0.8553,0.9988,0.8225,0.997,0.3612,yes,99
0.0,0.6858,-0.296,0.6249,0.0,0.0,-0.0018,-0.0617,-0.5267,0.4263,0.2023,-0.296,0.5106,0.2732,0.8905,0.8047,-0.228,0.4215,0.6901,0.9992,0.0,0.0,0.9997,-0.9511,0.9996,0.0,0.9954,0.9998,0.0,0.0,0.9996,0.0772,0.609,0.8553,0.9988,0.8225,0.997,0.3612,yes,95
-0.296,0.6249,0.0,0.0,-0.0018,-0.0617,-0.5267,0.4263,0.2023,-0.296,0.5106,0.2732,0.8905,0.8047,-0.228,0.4215,0.2023,0.0,0.6901,0.9992,0.0,0.0,0.9997,-0.9511,0.9996,0.0,0.9954,0.9998,0.0,0.0,0.9996,0.0772,0.609,0.8553,0.9988,0.8225,0.997,0.3612,yes,99
0.0,0.0,-0.0018,-0.0617,-0.5267,0.4263,0.2023,-0.296,0.5106,0.2732,0.8905,0.8047,-0.228,0.4215,0.2023,0.0,-0.296,0.3612,0.6901,0.9992,0.0,0.0,0.9997,-0.9511,0.9996,0.0,0.9954,0.9998,0.0,0.0,0.9996,0.0772,0.609,0.8553,0.9988,0.8225,0.997,0.3612,yes,91
-0.0018,-0.0617,-0.5267,0.4263,0.2023,-0.296,0.5106,0.2732,0.8905,0.8047,-0.228,0.4215,0.2023,0.0,-0.296,0.3612,0.0,0.0,0.3818,0.6901,0.9992,0.0,0.0,0.9997,-0.9511,0.9996,0.0,0.9954,0.9998,0.0,0.0,0.9996,0.0772,0.609,0.8553,0.9988,0.8225,0.997,0.3612,yes,99
0.4576,0.7104,0.5106,0.8573,0.8658,0.0,0.8625,0.5106,0.9919,0.925,0.5106,0.5106,0.941,0.5106,0.5106,0.8793,0.9349,0.6705,0.5106,0.8689,1.0,1.0,0.9992,-0.8313,0.9866,0.9961,0.9995,-0.888,0.958,-0.9989,-0.9996,0.9501,0.9998,0.9989,0.9486,0.9977,-0.998,-0.9979,-0.9781,0.9996,yes,97
0.0258,-0.1901,-0.0772,0.69,0.5267,0.4404,0.1027,0.7845,0.5859,-0.171,-0.6124,0.6124,0.5983,-0.4939,0.0516,0.1531,-0.296,0.0,0.3612,0.2732,-0.6249,0.9926,0.6705,-0.3818,-0.296,0.8689,0.9714,0.5719,0.9993,0.9972,0.9992,0.2023,-0.296,0.0,-0.1531,0.8542,0.9985,0.0,0.9874,0.9999,no,1
0.0516,0.1531,-0.296,0.0,0.3612,0.2732,-0.1779,0.4576,-0.5927,0.636,-0.2263,0.1027,-0.316,0.4767,0.6054,0.0,0.7269,0.0516,0.7214,0.0,-0.6249,0.9926,0.6705,-0.3818,-0.296,0.8689,0.9714,0.5719,0.9993,0.9972,0.9992,0.2023,-0.296,0.0,-0.1531,0.8542,0.9985,0.0,0.9874,0.9999,yes,99
-0.1779,0.4576,-0.5927,0.636,-0.2263,0.1027,-0.316,0.4767,0.6054,0.0,0.7269,0.0516,0.7214,0.0,0.0,0.0,0.0,0.4215,0.5423,0.5859,-0.6249,0.9926,0.6705,-0.3818,-0.296,0.8689,0.9714,0.5719,0.9993,0.9972,0.9992,0.2023,-0.296,0.0,-0.1531,0.8542,0.9985,0.0,0.9874,0.9999,yes,99
0.636,-0.2263,0.1027,-0.316,0.4767,0.6054,0.0,0.7269,0.0516,0.7214,0.0,0.0,0.0,0.0,0.4215,0.5423,0.5859,0.0,0.4019,0.3182,-0.6249,0.9926,0.6705,-0.3818,-0.296,0.8689,0.9714,0.5719,0.9993,0.9972,0.9992,0.2023,-0.296,0.0,-0.1531,0.8542,0.9985,0.0,0.9874,0.9999,yes,98
0.4767,0.6054,0.0,0.7269,0.0516,0.7214,0.0,0.0,0.0,0.0,0.4215,0.5423,0.5859,0.0,0.4019,0.3182,0.8074,-0.4939,0.501,-0.6849,-0.6249,0.9926,0.6705,-0.3818,-0.296,0.8689,0.9714,0.5719,0.9993,0.9972,0.9992,0.2023,-0.296,0.0,-0.1531,0.8542,0.9985,0.0,0.9874,0.9999,yes,99
-0.4588,0.0,-0.4404,1.0,-0.9998,0.414,0.9958,0.9903,-0.9995,0.9939,0.9994,0.9927,0.9995,0.9102,0.9999,0.9835,0.6634,0.9998,0.9716,-0.9938,0.986,-0.128,0.9753,yes,99
0.0,1.0,1.0,0.9964,0.7466,0.7466,0.9992,0.9866,-0.9998,0.9953,0.9961,-0.947,-0.9975,0.8491,0.9779,-0.9995,-0.9955,0.9794,0.9581,-0.7581,0.8268,yes,93
0.2363,0.8126,0.0,0.6249,-0.1027,0.5983,0.0516,0.0635,0.09,0.3612,-0.3818,0.3612,0.2732,0.2828,0.765,0.7717,0.9411,0.5106,0.0,0.5267,-0.6249,0.9926,0.6705,-0.3818,-0.296,0.8689,0.9714,0.5719,0.9993,0.9972,0.9992,0.2023,-0.296,0.0,-0.1531,0.8542,0.9985,0.0,0.9874,0.9999,yes,99
0.3612,0.2732,0.2828,0.765,0.7717,0.9411,0.5106,0.0,0.5267,0.3646,0.4404,0.7805,0.7506,0.8514,0.4939,0.1396,0.0,-0.3252,0.5106,0.0,-0.6249,0.9926,0.6705,-0.3818,-0.296,0.8689,0.9714,0.5719,0.9993,0.9972,0.9992,0.2023,-0.296,0.0,-0.1531,0.8542,0.9985,0.0,0.9874,0.9999,yes,99
0.5267,0.3646,0.4404,0.7805,0.7506,0.8514,0.4939,0.1396,0.0,-0.3252,0.5106,0.0,0.0,0.4404,0.1406,0.8126,0.0,0.0,-0.6486,0.1027,-0.6249,0.9926,0.6705,-0.3818,-0.296,0.8689,0.9714,0.5719,0.9993,0.9972,0.9992,0.2023,-0.296,0.0,-0.1531,0.8542,0.9985,0.0,0.9874,0.9999,yes,99
0.4939,0.1396,0.0,-0.3252,0.5106,0.0,0.0,0.4404,0.1406,0.8126,0.0,0.0,-0.6486,0.1027,0.4753,0.875,0.3182,0.0,-0.1531,0.5719,-0.6249,0.9926,0.6705,-0.3818,-0.296,0.8689,0.9714,0.5719,0.9993,0.9972,0.9992,0.2023,-0.296,0.0,-0.1531,0.8542,0.9985,0.0,0.9874,0.9999,yes,99
0.1406,0.8126,0.0,0.0,-0.6486,0.1027,0.4753,0.875,0.3182,0.0,-0.1531,0.5719,0.4374,0.5859,0.0,-0.5775,0.3899,-0.3612,0.6486,0.3818,-0.6249,0.9926,0.6705,-0.3818,-0.296,0.8689,0.9714,0.5719,0.9993,0.9972,0.9992,0.2023,-0.296,0.0,-0.1531,0.8542,0.9985,0.0,0.9874,0.9999,yes,99
0.875,0.3182,0.0,-0.1531,0.5719,0.4374,0.5859,0.0,-0.5775,0.3899,-0.3612,0.6486,0.3818,0.5423,0.2716,0.34,-0.7845,0.8074,-0.4303,0.0,-0.6249,0.9926,0.6705,-0.3818,-0.296,0.8689,0.9714,0.5719,0.9993,0.9972,0.9992,0.2023,-0.296,0.0,-0.1531,0.8542,0.9985,0.0,0.9874,0.9999,yes,99
0.3818,0.5423,0.2716,0.34,-0.7845,0.8074,-0.4303,0.0,0.2732,0.0,0.0,0.8834,0.529,0.6486,0.8126,0.6486,0.0,0.6369,0.0,0.0,-0.6249,0.9926,0.6705,-0.3818,-0.296,0.8689,0.9714,0.5719,0.9993,0.9972,0.9992,0.2023,-0.296,0.0,-0.1531,0.8542,0.9985,0.0,0.9874,0.9999,yes,99
0.0,0.0,0.8834,0.529,0.6486,0.8126,0.6486,0.0,0.6369,0.0,0.0,0.3802,0.6597,0.6124,0.7579,0.7424,0.3595,0.7184,-0.4767,-0.6249,0.9926,0.6705,-0.3818,-0.296,0.8689,0.9714,0.5719,0.9993,0.9972,0.9992,0.2023,-0.296,0.0,-0.1531,0.8542,0.9985,0.0,0.9874,0.9999,yes,99
0.6486,0.8126,0.6486,0.0,0.6369,0.0,0.0,0.3802,0.6597,0.6124,0.7579,0.7424,0.3595,0.7184,-0.4767,0.2887,0.0,0.7269,0.8338,-0.6249,0.9926,0.6705,-0.3818,-0.296,0.8689,0.9714,0.5719,0.9993,0.9972,0.9992,0.2023,-0.296,0.0,-0.1531,0.8542,0.9985,0.0,0.9874,0.9999,yes,99
0.34,0.7845,-0.0057,0.0,0.0,0.7506,0.0,0.9333,0.34,0.4588,0.6696,0.6892,0.0,-0.765,0.4404,0.0,0.644,-0.6908,0.5067,0.6696,0.9952,-0.9998,0.9888,-0.296,0.8852,0.9995,-0.9982,-0.7906,-0.9989,0.0,0.9963,0.9959,0.0,-0.9999,0.9989,0.3987,-0.6705,0.7211,-0.296,-0.296,no,1
0.6597,0.6124,0.7579,0.7424,0.3595,0.7184,-0.4767,0.2887,0.0,0.7269,0.8338,0.0,0.6249,0.0,0.4215,0.6124,0.5267,-0.4767,0.6705,-0.6249,0.9926,0.6705,-0.3818,-0.296,0.8689,0.9714,0.5719,0.9993,0.9972,0.9992,0.2023,-0.296,0.0,-0.1531,0.8542,0.9985,0.0,0.9874,0.9999,yes,99
-0.4767,0.2887,0.0,0.7269,0.8338,0.0,0.6249,0.0,0.4215,0.6124,0.5267,-0.4767,0.6705,0.9563,-0.4779,0.8173,0.0,-0.7305,0.0,-0.6249,0.9926,0.6705,-0.3818,-0.296,0.8689,0.9714,0.5719,0.9993,0.9972,0.9992,0.2023,-0.296,0.0,-0.1531,0.8542,0.9985,0.0,0.9874,0.9999,yes,99
0.0,0.7269,0.8338,0.0,0.6249,0.0,0.4215,0.6124,0.5267,-0.4767,0.6705,0.9563,-0.4779,0.8173,0.0,-0.7305,0.0,-0.34,0.0,0.0,-0.6249,0.9926,0.6705,-0.3818,-0.296,0.8689,0.9714,0.5719,0.9993,0.9972,0.9992,0.2023,-0.296,0.0,-0.1531,0.8542,0.9985,0.0,0.9874,0.9999,yes,99
-0.7305,0.0,-0.34,0.0,0.0,0.3182,0.8225,0.0,0.3612,0.4767,0.3182,0.0,0.3182,0.3182,-0.34,0.0,0.2732,0.3818,0.0,-0.3595,-0.6249,0.9926,0.6705,-0.3818,-0.296,0.8689,0.9714,0.5719,0.9993,0.9972,0.9992,0.2023,-0.296,0.0,-0.1531,0.8542,0.9985,0.0,0.9874,0.9999,yes,99
0.0,-0.3595,0.0,0.0,0.4215,-0.8658,0.7263,0.0,0.0,0.3076,0.5267,-0.4795,0.891,0.6369,0.0,-0.1655,0.0,0.163,0.743,0.8834,-0.6249,0.9926,0.6705,-0.3818,-0.296,0.8689,0.9714,0.5719,0.9993,0.9972,0.9992,0.2023,-0.296,0.0,-0.1531,0.8542,0.9985,0.0,0.9874,0.9999,yes,95
0.0,0.3076,0.5267,-0.4795,0.891,0.6369,0.0,-0.1655,0.0,0.163,0.743,0.8834,0.0258,-0.5267,0.6597,0.5803,0.5106,0.3612,-0.0204,0.6652,-0.6249,0.9926,0.6705,-0.3818,-0.296,0.8689,0.9714,0.5719,0.9993,0.9972,0.9992,0.2023,-0.296,0.0,-0.1531,0.8542,0.9985,0.0,0.9874,0.9999,yes,98
0.891,0.6369,0.0,-0.1655,0.0,0.163,0.743,0.8834,0.0258,-0.5267,0.6597,0.5803,0.5106,0.3612,-0.0204,0.6652,0.3818,0.0516,0.2732,0.4588,-0.6249,0.9926,0.6705,-0.3818,-0.296,0.8689,0.9714,0.5719,0.9993,0.9972,0.9992,0.2023,-0.296,0.0,-0.1531,0.8542,0.9985,0.0,0.9874,0.9999,yes,99
0.2732,0.4588,0.8674,0.2732,0.4939,0.0,0.6124,0.9569,0.0,0.7783,0.3612,0.8748,0.5267,-0.6124,-0.7096,0.0,0.0,0.0,0.5423,0.7777,-0.6249,0.9926,0.6705,-0.3818,-0.296,0.8689,0.9714,0.5719,0.9993,0.9972,0.9992,0.2023,-0.296,0.0,-0.1531,0.8542,0.9985,0.0,0.9874,0.9999,yes,99
0.8748,0.5267,-0.6124,-0.7096,0.0,0.0,0.0,0.5423,0.7777,0.0,0.0,0.6249,0.0,0.5859,0.3182,-0.5423,0.4588,0.8398,0.0,-0.1531,-0.6249,0.9926,0.6705,-0.3818,-0.296,0.8689,0.9714,0.5719,0.9993,0.9972,0.9992,0.2023,-0.296,0.0,-0.1531,0.8542,0.9985,0.0,0.9874,0.9999,yes,97
0.5423,0.7777,0.0,0.0,0.6249,0.0,0.5859,0.3182,-0.5423,0.4588,0.8398,0.0,-0.1531,0.4019,0.128,0.0,0.0,0.0,-0.8176,0.0,-0.6249,0.9926,0.6705,-0.3818,-0.296,0.8689,0.9714,0.5719,0.9993,0.9972,0.9992,0.2023,-0.296,0.0,-0.1531,0.8542,0.9985,0.0,0.9874,0.9999,yes,99
0.4019,0.128,0.0,0.0,0.0,-0.8176,0.0,0.34,0.0,0.5175,0.0,0.0,0.0,0.6705,0.0,-0.0772,0.0,0.3818,0.3612,0.7177,-0.6249,0.9926,0.6705,-0.3818,-0.296,0.8689,0.9714,0.5719,0.9993,0.9972,0.9992,0.2023,-0.296,0.0,-0.1531,0.8542,0.9985,0.0,0.9874,0.9999,yes,99
0.5228,0.5023,0.0,-0.8519,0.7574,0.4019,0.0,0.3182,0.3514,0.1154,0.5267,0.5542,-0.4767,0.5423,0.4404,0.6486,0.4007,0.6908,0.3612,0.0,-0.6249,0.9926,0.6705,-0.3818,-0.296,0.8689,0.9714,0.5719,0.9993,0.9972,0.9992,0.2023,-0.296,0.0,-0.1531,0.8542,0.9985,0.0,0.9874,0.9999,yes,99
-0.4767,0.5423,0.4404,0.6486,0.4007,0.6908,0.3612,0.0,0.3612,0.3612,-0.0516,0.9371,0.0,0.0,0.2023,0.1027,0.5927,0.5171,0.3612,0.7783,-0.6249,0.9926,0.6705,-0.3818,-0.296,0.8689,0.9714,0.5719,0.9993,0.9972,0.9992,0.2023,-0.296,0.0,-0.1531,0.8542,0.9985,0.0,0.9874,0.9999,yes,98
0.3612,0.7783,0.0,0.0258,0.0,0.2999,0.0,0.8713,0.4269,0.6124,-0.4805,0.0,0.3352,0.0772,-0.4019,-0.4019,0.4291,-0.2732,-0.8062,0.25,-0.6249,0.9926,0.6705,-0.3818,-0.296,0.8689,0.9714,0.5719,0.9993,0.9972,0.9992,0.2023,-0.296,0.0,-0.1531,0.8542,0.9985,0.0,0.9874,0.9999,yes,98
0.8377,-0.1027,0.3612,0.8074,0.6239,-0.9231,-0.6358,0.6249,0.0,0.5423,-0.3626,-0.3612,0.8519,-0.3818,0.0,-0.5267,0.3753,0.0,0.0,0.9981,0.999,-0.0951,-0.9998,0.3595,0.9452,-0.4767,-0.296,0.7302,0.9179,0.9896,0.0,0.0,0.9799,0.0,0.9944,0.9989,0.0,0.0,-0.5996,yes,99
0.2327,0.2327,0.745,0.5719,-0.7453,0.0,0.2824,0.2617,0.0,0.6249,0.4389,0.0,0.5499,-0.34,0.0,0.0,0.4019,0.3182,0.0,0.5106,-0.6249,0.9926,0.6705,-0.3818,-0.296,0.8689,0.9714,0.5719,0.9993,0.9972,0.9992,0.2023,-0.296,0.0,-0.1531,0.8542,0.9985,0.0,0.9874,0.9999,yes,98
0.4767,0.4033,0.4588,-0.6124,-0.5859,-0.1603,0.5859,0.0,0.5984,0.7717,0.4588,0.7672,-0.5859,0.1901,-0.3597,0.2235,-0.5423,0.0,1.0,0.0,0.4215,-0.4019,-0.4019,0.0,-0.4588,-0.4019,-0.128,-0.34,-0.4588,-0.34,0.0,0.0,-0.8846,-0.3237,-0.5574,0.296,-0.958,0.0,no,1
0.5499,-0.34,0.0,0.0,0.4019,0.3182,0.0,0.5106,0.0772,-0.6369,-0.8857,0.6369,0.128,0.2235,0.128,0.0,0.5994,0.5994,0.3182,0.7609,-0.6249,0.9926,0.6705,-0.3818,-0.296,0.8689,0.9714,0.5719,0.9993,0.9972,0.9992,0.2023,-0.296,0.0,-0.1531,0.8542,0.9985,0.0,0.9874,0.9999,yes,98
-0.7522,0.7003,0.5106,0.9132,0.8823,0.5106,0.3626,0.6908,0.3182,0.2732,0.4019,0.0,0.8224,0.7698,0.0,-0.119,-0.2732,0.0,0.5423,0.9981,0.999,-0.0951,-0.9998,0.9452,-0.4767,-0.296,0.7302,0.9179,0.9896,0.0,0.0,0.9799,0.0,0.9944,0.9989,0.0,0.0,-0.5996,0.9988,yes,99
0.2732,0.4019,0.0,0.8224,0.7698,0.0,-0.119,-0.2732,0.0,0.5423,0.3291,-0.1027,-0.1027,-0.4215,0.8519,0.5423,-0.6694,-0.3182,-0.34,0.9981,0.999,-0.0951,-0.9998,0.9452,-0.4767,-0.296,0.7302,0.9179,0.9896,0.0,0.0,0.9799,0.0,0.9944,0.9989,0.0,0.0,-0.5996,0.9988,yes,99
0.4215,0.8031,0.0,0.793,-0.9224,0.7469,0.0,0.0,0.0946,-0.2846,0.8977,0.8977,0.5574,0.7783,0.4389,0.7798,-0.3595,0.6514,0.6514,0.25,-0.6249,0.9926,0.6705,-0.3818,-0.296,0.8689,0.9714,0.5719,0.9993,0.9972,0.9992,0.2023,-0.296,0.0,-0.1531,0.8542,0.9985,0.0,0.9874,0.9999,yes,95
0.5574,0.7783,0.4389,0.7798,-0.3595,0.6514,0.6514,0.25,0.4173,0.0,0.2617,-0.69,0.908,-0.8779,-0.1154,0.6177,-0.4767,-0.5647,0.3818,0.4124,-0.6249,0.9926,0.6705,-0.3818,-0.296,0.8689,0.9714,0.5719,0.9993,0.9972,0.9992,0.2023,-0.296,0.0,-0.1531,0.8542,0.9985,0.0,0.9874,0.9999,yes,99
-0.5514,0.899,0.0772,0.0,0.6996,-0.5994,0.0,0.4939,-0.4588,0.7089,-0.6249,0.6705,-0.3626,0.6486,0.1513,0.5307,0.0,0.5562,-0.7096,1.0,0.0,0.4215,-0.4019,-0.4019,0.0,-0.4588,-0.4019,-0.128,-0.34,-0.4588,-0.34,0.0,0.0,-0.8846,-0.3237,-0.5574,0.296,-0.958,0.0,yes,99
0.1901,0.6908,0.7871,0.7644,-0.8166,0.0258,-0.8771,0.4215,-0.2617,-0.34,-0.8519,-0.296,0.5637,0.1942,-0.128,0.9274,0.5709,-0.7219,-0.4019,1.0,0.0,0.4215,-0.4019,-0.4019,0.0,-0.4588,-0.4019,-0.128,-0.34,-0.4588,-0.34,0.0,0.0,-0.8846,-0.3237,-0.5574,0.296,-0.958,0.0,yes,99
0.6808,0.7964,-0.1531,0.7345,0.8439,-0.7783,0.722,0.5994,-0.4767,0.7644,0.7761,0.7644,0.0,0.6616,0.34,0.0,-0.3612,-0.765,-0.765,0.0,1.0,0.0,0.4215,-0.4019,-0.4019,0.0,-0.4588,-0.4019,-0.128,-0.34,-0.4588,-0.34,0.0,0.0,-0.8846,-0.3237,-0.5574,0.296,-0.958,0.0,yes,99
0.0,0.1779,-0.5983,0.3818,-0.3447,0.3801,-0.518,0.34,0.0,0.3612,-0.3182,0.2263,0.34,0.0,0.6369,-0.296,-0.7096,0.34,0.7184,-0.7691,1.0,0.0,0.4215,-0.4019,-0.4019,0.0,-0.4588,-0.4019,-0.128,-0.34,-0.4588,-0.34,0.0,0.0,-0.8846,-0.3237,-0.5574,0.296,-0.958,0.0,yes,98
0.5106,0.0,0.5423,-0.5984,0.34,0.0,0.659,-0.6597,0.6705,0.6166,0.8481,0.6705,0.6705,0.6705,0.6705,-0.5927,0.25,-0.0745,-0.3382,0.5949,-0.6249,0.9926,0.6705,-0.3818,-0.296,0.8689,0.9714,0.5719,0.9993,0.9972,0.9992,0.2023,-0.296,0.0,-0.1531,0.8542,0.9985,0.0,0.9874,0.9999,yes,99
0.8481,0.6705,0.6705,0.6705,0.6705,-0.5927,0.25,-0.0745,-0.3382,0.5949,0.7538,0.2263,-0.7657,0.745,0.7096,0.0,0.4404,0.2982,0.6124,0.6736,-0.6249,0.9926,0.6705,-0.3818,-0.296,0.8689,0.9714,0.5719,0.9993,0.9972,0.9992,0.2023,-0.296,0.0,-0.1531,0.8542,0.9985,0.0,0.9874,0.9999,yes,99
1.0,0.9961,0.9717,0.9794,0.9617,-0.9999,-0.9982,-0.9999,-0.9993,-0.9996,0.9996,0.9994,0.9989,0.9959,-0.9225,0.9997,0.9999,0.6778,0.9987,-0.9998,yes,98
1.0,0.9961,0.9717,0.9794,0.9617,-0.9999,-0.9982,-0.9999,-0.9993,-0.9996,0.9996,0.9994,0.9989,0.9959,-0.9225,0.9997,0.9999,0.6778,0.9987,-0.9998,yes,95
0.5994,0.5267,0.0,0.6652,0.4118,-0.7348,0.6486,-0.1853,0.6239,-0.2023,0.8402,0.6597,0.6344,0.0,0.6239,0.6239,0.8622,0.8042,0.0,-0.6249,0.9926,0.6705,-0.3818,-0.296,0.8689,0.9714,0.5719,0.9993,0.9972,0.9992,0.2023,-0.296,0.0,-0.1531,0.8542,0.9985,0.9874,0.9999,0.9636,yes,96
0.0,0.6239,0.6239,0.8622,0.8042,0.0,0.0,0.4019,-0.3153,-0.8381,0.2263,0.351,0.7734,-0.4767,0.0,-0.5574,0.658,0.0644,0.8356,-0.3472,-0.6249,0.9926,0.6705,-0.3818,-0.296,0.8689,0.9714,0.5719,0.9993,0.9972,0.9992,0.2023,-0.296,0.0,-0.1531,0.8542,0.9985,0.9874,0.9999,0.9636,yes,99
0.7644,0.0,0.7645,0.296,-0.0516,0.8655,0.4926,0.0,0.5994,-0.1431,0.9062,0.0,0.3818,-0.1779,0.0,0.9228,0.802,0.8834,0.4019,-0.4215,1.0,1.0,0.9992,0.9994,0.8764,0.0,0.9961,-0.947,0.9993,-0.2263,0.7414,0.3612,0.0,-0.4939,-0.6369,0.9881,0.9996,-0.1301,-0.2263,0.9989,yes,99
0.9228,0.802,0.8834,0.4019,-0.4215,0.7778,0.4836,0.2732,0.0,0.6369,0.6369,0.6369,0.5106,0.4215,0.0,0.0,0.4588,-0.7783,0.296,0.659,1.0,1.0,0.9992,0.9994,0.8764,0.0,0.9961,-0.947,0.9993,-0.2263,0.7414,0.3612,0.0,-0.4939,-0.6369,0.9881,0.9996,-0.1301,-0.2263,0.9989,yes,98
-0.2023,-0.296,0.0,0.0,0.0885,0.1531,0.0,0.0,0.3907,0.836,0.0,0.7494,0.0,0.8225,0.6705,0.7003,0.7777,0.5994,0.4404,0.0,1.0,1.0,0.9992,0.9994,0.8764,0.0,0.9961,-0.947,0.9993,-0.2263,0.7414,0.3612,0.0,-0.4939,-0.6369,0.9881,0.9996,-0.1301,-0.2263,0.9989,yes,98
0.0,0.7269,0.1406,0.1511,0.7814,0.3818,0.5106,0.8304,0.8304,0.0,0.4199,0.7227,0.5848,0.7964,0.25,0.6249,0.7506,0.5859,0.2263,0.25,-0.947,-0.9869,0.9753,-0.978,-0.9929,0.9989,-0.9225,0.7211,0.996,0.4588,-0.9967,-0.8617,0.9916,0.9804,-0.9996,0.9913,0.9998,0.9714,0.9998,-0.9855,yes,98
0.0,0.7269,0.1406,0.1511,0.7814,0.3818,0.5106,0.8304,0.8304,0.0,0.4199,0.7227,0.5848,0.7964,0.25,0.6249,0.7506,0.5859,0.2263,0.25,-0.947,-0.9869,0.9753,-0.978,-0.9929,0.9989,-0.9225,0.7211,0.996,0.4588,-0.9967,-0.8617,0.9916,0.9804,-0.9996,0.9913,0.9998,0.9714,0.9998,-0.9855,yes,97
0.0,0.7269,0.1406,0.1511,0.7814,0.3818,0.5106,0.8304,0.8304,0.0,0.4199,0.7227,0.5848,0.7964,0.25,0.6249,0.7506,0.5859,0.2263,0.25,-0.947,-0.9869,0.9753,-0.978,-0.9929,0.9989,-0.9225,0.7211,0.996,0.4588,-0.9967,-0.8617,0.9916,0.9804,-0.9996,0.9913,0.9998,0.9714,0.9998,-0.9855,yes,99
0.0,0.7269,0.1406,0.1511,0.7814,0.3818,0.5106,0.8304,0.8304,0.0,0.4199,0.7227,0.5848,0.7964,0.25,0.6249,0.7506,0.5859,0.2263,0.25,-0.947,-0.9869,0.9753,-0.978,-0.9929,0.9989,-0.9225,0.7211,0.996,0.4588,-0.9967,-0.8617,0.9916,0.9804,-0.9996,0.9913,0.9998,0.9714,0.9998,-0.9855,yes,95
0.0,0.7269,0.1406,0.1511,0.7814,0.3818,0.5106,0.8304,0.8304,0.0,0.4199,0.7227,0.5848,0.7964,0.25,0.6249,0.7506,0.5859,0.2263,0.25,-0.947,-0.9869,0.9753,-0.978,-0.9929,0.9989,-0.9225,0.7211,0.996,0.4588,-0.9967,-0.8617,0.9916,0.9804,-0.9996,0.9913,0.9998,0.9714,0.9998,-0.9855,yes,99
0.0,0.7269,0.1406,0.1511,0.7814,0.3818,0.5106,0.8304,0.8304,0.0,0.4199,0.7227,0.5848,0.7964,0.25,0.6249,0.7506,0.5859,0.2263,0.25,-0.947,-0.9869,0.9753,-0.978,-0.9929,0.9989,-0.9225,0.7211,0.996,-0.9967,-0.8617,0.9916,0.9804,-0.9996,0.9913,0.9998,0.9714,0.9998,-0.9855,0.9998,yes,99
0.1406,0.1511,0.7814,0.3818,0.5106,0.8304,0.8304,0.0,0.4199,0.7227,0.5848,0.7964,0.25,0.6249,0.7506,0.5859,0.2263,0.25,0.2023,0.0,-0.947,-0.9869,0.9753,-0.978,-0.9929,0.9989,-0.9225,0.7211,0.996,-0.9967,-0.8617,0.9916,0.9804,-0.9996,0.9913,0.9998,0.9714,0.9998,-0.9855,0.9998,yes,99
0.1511,0.7814,0.3818,0.5106,0.8304,0.8304,0.0,0.4199,0.7227,0.5848,0.7964,0.25,0.6249,0.7506,0.5859,0.2263,0.25,0.2023,0.0,0.5859,-0.947,-0.9869,0.9753,-0.978,-0.9929,0.9989,-0.9225,0.7211,0.996,-0.9967,-0.8617,0.9916,0.9804,-0.9996,0.9913,0.9998,0.9714,0.9998,-0.9855,0.9998,yes,99
0.886,0.4767,0.4927,0.6696,0.34,-0.4648,0.8271,-0.2837,0.3826,0.7921,0.0,0.7269,0.6369,0.7579,-0.5106,0.0,-0.4242,-0.4451,0.8537,0.128,-0.6249,0.9926,-0.3818,-0.296,0.8689,0.5719,0.9993,0.9972,0.9992,0.2023,-0.296,-0.1531,0.8542,0.9985,0.9874,0.9999,0.9636,-0.296,-0.4357,0.0,yes,92
0.6369,0.7579,-0.5106,0.0,-0.4242,-0.4451,0.8537,0.128,0.0516,0.3818,0.7096,0.7399,0.2023,0.4019,0.9245,0.0,0.4836,0.25,0.5983,0.7298,-0.6249,0.9926,-0.3818,-0.296,0.8689,0.5719,0.9993,0.9972,0.9992,0.2023,-0.296,-0.1531,0.8542,0.9985,0.9874,0.9999,0.9636,-0.296,-0.4357,0.0,yes,96
0.0,0.0,0.4588,0.0,-0.817,0.0,-0.128,0.0,0.0,-0.4215,-0.9731,-0.4767,-0.128,0.0,-0.0516,0.0,0.0,-0.5693,0.0,0.7553,-0.6249,0.9926,-0.3818,-0.296,0.8689,0.5719,0.9993,0.9972,0.9992,0.2023,-0.296,-0.1531,0.8542,0.9985,0.9874,0.9999,0.9636,-0.296,-0.4357,0.0,yes,90
0.0,-0.1531,0.8472,0.7316,0.9267,0.9305,0.714,0.8049,0.5267,-0.1162,0.9413,0.0,0.0,0.0,0.6124,0.0772,0.6369,0.0,0.7845,0.765,0.5574,0.0,-0.4588,0.4404,0.0,-0.4215,-0.2732,0.9738,0.4767,0.0,-0.1449,-0.1027,0.9811,0.1779,-0.6808,0.9332,0.639,0.0,-0.128,1.0,yes,99
0.9305,0.714,0.8049,0.5267,-0.1162,0.9413,0.0,0.0,0.0,0.6124,0.0772,0.6369,0.0,0.7845,0.765,-0.5093,0.2952,0.3612,0.1154,0.0,0.5574,0.0,-0.4588,0.4404,0.0,-0.4215,-0.2732,0.9738,0.4767,0.0,-0.1449,-0.1027,0.9811,0.1779,-0.6808,0.9332,0.639,0.0,-0.128,1.0,yes,80
0.9413,0.0,0.0,0.0,0.6124,0.0772,0.6369,0.0,0.7845,0.765,-0.5093,0.2952,0.3612,0.1154,0.0,0.6605,-0.4588,0.9042,0.4767,0.0,0.5574,0.0,-0.4588,0.4404,0.0,-0.4215,-0.2732,0.9738,0.4767,0.0,-0.1449,-0.1027,0.9811,0.1779,-0.6808,0.9332,0.639,0.0,-0.128,1.0,yes,99
0.9042,0.4767,0.0,0.7906,0.2263,0.8513,0.0,0.3612,0.6369,0.9047,-0.4553,-0.5093,0.0,0.5191,0.6767,0.6124,0.0,0.5106,0.9287,0.4973,0.5574,0.0,-0.4588,0.4404,0.0,-0.4215,-0.2732,0.9738,0.4767,0.0,-0.1449,-0.1027,0.9811,0.1779,-0.6808,0.9332,0.639,0.0,-0.128,1.0,yes,98
0.3818,0.4404,0.0,0.4767,0.7964,0.0,0.34,0.0,0.4888,0.4767,0.0,0.3612,0.0,0.7264,0.6786,0.0,-0.2139,0.5574,0.5563,0.5574,0.0,-0.4588,0.0,-0.4215,-0.2732,0.9738,0.4767,0.0,-0.1449,-0.1027,0.9811,0.1779,-0.6808,0.9332,0.639,0.0,-0.128,1.0,0.999,yes,98
0.5574,0.5563,-0.6616,-0.4019,0.4019,0.7845,0.0,0.4967,0.583,-0.9245,0.3584,-0.3382,0.4199,0.7579,0.4939,0.0,0.6124,-0.1779,0.8316,-0.7813,0.5574,0.0,-0.4588,0.0,-0.4215,-0.2732,0.9738,0.0,-0.1449,-0.1027,0.9811,0.1779,-0.6808,0.9332,0.639,0.0,-0.128,0.999,0.0,0.4215,yes,97
1.0,0.9992,-0.8172,0.9993,0.7964,0.998,-0.888,-0.9989,0.9958,0.9989,0.9959,-0.9999,0.9977,0.996,0.6486,-0.9983,0.9994,-0.9637,0.9761,0.9988,yes,99
1.0,0.9992,-0.8172,0.9993,0.7964,0.998,-0.888,-0.9989,0.9958,0.9989,0.9959,-0.9999,0.9977,0.996,0.6486,-0.9983,0.9994,-0.9637,0.9761,0.9988,yes,10
0.4215,0.2617,0.2846,0.8395,-0.2263,0.5994,0.3649,0.1027,0.8126,0.4753,0.0,0.3612,-0.2942,-0.7878,0.4871,0.8578,-0.743,0.8232,1.0,-0.9999,-0.9385,-0.888,-0.9756,-0.9987,-0.9996,0.5106,0.9739,0.9899,0.996,0.4215,0.7177,0.9995,0.9896,-0.9637,-0.9364,0.9988,0.9982,0.9994,yes,98
-0.1531,0.7883,0.5267,-0.3109,0.7902,0.5082,0.0,0.0,0.7079,-0.5267,0.9522,0.6486,0.8285,0.9149,0.734,0.4588,0.3612,-0.3071,1.0,1.0,0.9964,0.7466,0.7466,0.9866,-0.9998,0.0,0.9981,0.9961,0.9993,-0.9975,0.8491,0.4215,-0.9995,-0.9955,0.3919,-0.9999,0.9054,0.0516,yes,98
