result,yes_bid,post_1,post_2,post_3,post_4,post_5,post_6,post_7,post_8,post_9,post_10,post_11,post_12,post_13,post_14,post_15,post_16,post_17,post_18,post_19,post_20,post_21,post_22,post_23,post_24,post_25,post_26,post_27,post_28,post_29,post_30,post_31,post_32,post_33,post_34,post_35,post_36,post_37,post_38,post_39,post_40,post_41,post_42,post_43,post_44,post_45,post_46,post_47,post_48,post_49,post_50,post_51,post_52,post_53,post_54,post_55,post_56,post_57,post_58,post_59,post_60,post_61,post_62,post_63,post_64,post_65,post_66,post_67,post_68,post_69,post_70
yes,95,0.0629,0.7263,0.25,0.8271,-0.1027,0.0,0.6115,0.8126,0.5267,0.7003,0.5859,0.431,0.8898,0.4664,-0.4767,0.0,0.2732,0.6249,0.4404,0.0,0.9275,0.956,0.0,0.9999,0.4497,-0.802,0.0,0.9766,1.0,0.8654,0.4019,-0.6249,-0.9964,0.4461,-0.8885,0.88,0.9998,0.6998,0.9919
yes,99,0.0629,0.7263,0.25,0.8271,-0.1027,0.0,0.6115,0.8126,0.5267,0.7003,0.5859,0.431,0.8898,0.4664,-0.4767,0.0,0.2732,0.6249,0.4404,0.0,0.9275,0.956,0.0,0.9999,0.4497,-0.802,0.8406,0.0,0.9766,1.0,0.8654,0.4019,-0.6249,-0.9964,0.4461,-0.8885,0.88,0.9998,0.6998
no,70,0.0629,0.7263,0.25,0.8271,-0.1027,0.0,0.6115,0.8126,0.5267,0.7003,0.5859,0.431,0.8898,0.4664,-0.4767,0.0,0.2732,0.6249,0.4404,0.0,0.9275,0.956,0.0,0.9999,0.4497,-0.802,0.8406,0.0,0.9766,1.0,0.8654,0.4019,-0.6249,-0.9964,0.4461,-0.8885,0.88,0.9998,0.6998
no,10,0.3382,0.0,-0.6249,0.6915,0.791,0.0,0.6369,0.5574,0.7082,0.0,0.8319,-0.7506,0.4329,0.0,0.4562,0.3182,0.5423,-0.4019,-0.6136,0.4939,0.9856,0.9992,0.9998,0.9491,-0.9744,-0.9887,0.999,0.984,-0.9982,0.9923,0.8785,-0.9604,-0.9952,0.9986,0.9995,0.9999,0.9992,0.9996,0.9992,-0.9611
no,2,-0.4767,0.0,0.9337,0.7783,-0.3182,0.5859,0.5859,0.5859,0.5859,0.5859,0.9042,0.6908,0.9571,0.8541,0.866,-0.4574,0.9719,0.743,0.4215,0.128,0.9998,-0.9887,-0.9941,-0.9643,0.9943,0.9998,-0.9995,0.9965,0.994,0.9237,0.9963,0.9976,1.0,0.9776,0.9997,-0.9945,0.9994,0.9989,0.9995,0.9482
no,2,0.0,0.7259,0.6329,0.6361,-0.6249,0.4588,-0.8636,0.6249,0.4466,0.8126,-0.8519,0.0,0.4588,0.0,0.0,0.9991,0.0,-0.9921,0.447,0.0,0.7623,0.9581,0.9681,-0.8649,0.9995,-0.9009,0.0,0.9859,0.994,0.0,0.7847
no,6,-0.25,0.0,0.5106,0.0,0.3382,0.0,-0.6249,0.6915,0.791,0.0,0.6369,0.5574,0.7082,0.0,0.8319,-0.7506,0.4329,0.0,0.4562,0.3182,0.9856,0.9992,0.9998,0.9491,-0.9744,-0.9887,0.999,0.984,-0.9982,0.9923,0.8785,-0.9604,-0.9952,0.9986,0.9995,0.9999,0.9992,0.9996,0.9992,-0.9611
yes,35,0.0629,0.7263,0.25,0.8271,-0.1027,0.0,0.6115,0.8126,0.5267,0.7003,0.5859,0.431,0.8898,0.4664,-0.4767,0.0,0.2732,0.6249,0.4404,0.0,0.9275,0.956,0.0,0.9999,0.4497,-0.802,0.8406,0.0,0.9766,1.0,0.8654,0.4019,-0.6249,-0.9964,0.4461,-0.8885,0.88,0.9998,0.6998
no,2,0.4406,0.8279,0.2996,0.4935,0.0,0.6267,0.9332,0.862,0.0,0.7571,0.8016,0.6005,0.8561,0.2023,0.9064,0.8543,0.8445,0.8449,0.9429,-0.3612,0.9996,0.9996,1.0,0.9996,-0.9629,0.9803,0.9997,0.9997,0.9904,0.9976,-0.9907,0.9997,-0.9971,0.9992,-0.9894,0.9995,1.0,0.9992,-0.9905,0.9998
yes,65,0.0629,0.7263,0.25,0.8271,-0.1027,0.0,0.6115,0.8126,0.5267,0.7003,0.5859,0.431,0.8898,0.4664,-0.4767,0.0,0.2732,0.6249,0.4404,0.0,0.9275,0.956,0.0,0.9999,0.4497,-0.802,0.8406,0.0,0.9766,1.0,0.8654,0.4019,-0.6249,-0.9964,0.4461,-0.8885,0.88,0.9998,0.6998
no,2,0.8477,0.296,-0.1045,0.9261,0.0,0.2996,0.4406,0.8279,0.2996,0.4935,0.0,0.6267,0.9332,0.862,0.0,0.7571,0.8016,0.6005,0.8561,0.2023,0.9996,0.9996,1.0,0.9996,-0.9629,0.9803,0.9997,0.9997,0.9904,0.9976,-0.9907,0.9997,-0.9971,0.9992,-0.9894,0.9995,1.0,0.9992,-0.9905,0.9998
no,13,0.0,0.6705,0.2225,0.296,0.3612,-0.7096,0.765,-0.3612,-0.25,0.0,0.5106,0.0,0.3382,0.0,-0.6249,0.6915,0.791,0.0,0.6369,0.5574,0.9856,0.9992,0.9998,0.9491,-0.9744,-0.9887,0.999,0.984,-0.9982,0.9923,0.8785,-0.9604,-0.9952,0.9986,0.9995,0.9999,0.9992,0.9996,0.9992,-0.9611
no,6,-0.6815,0.4404,-0.6187,0.0,0.0,0.2023,0.0,0.6705,0.2225,0.296,0.3612,-0.7096,0.765,-0.3612,-0.25,0.0,0.5106,0.0,0.3382,0.0,0.9856,0.9992,0.9998,0.9491,-0.9744,-0.9887,0.999,0.984,-0.9982,0.9923,0.8785,-0.9604,-0.9952,0.9986,0.9995,0.9999,0.9992,0.9996,0.9992,-0.9611
yes,84,-0.1668,0.0629,0.7263,0.25,0.8271,-0.1027,0.0,0.6115,0.8126,0.5267,0.7003,0.5859,0.431,0.8898,0.4664,-0.4767,0.0,0.2732,0.6249,0.0,0.9275,0.956,0.0,0.9999,0.4497,-0.802,0.8406,0.0,0.9766,1.0,0.8654,0.4019,-0.6249,-0.9964,0.4461,-0.8885,0.88,0.9998,0.6998
no,2,-0.25,0.4404,-0.723,0.2382,-0.6815,0.4404,-0.6187,0.0,0.0,0.2023,0.0,0.6705,0.2225,0.296,0.3612,-0.7096,0.765,-0.3612,-0.25,0.9856,0.9992,0.9998,0.9491,-0.9744,-0.9887,0.999,0.984,-0.9982,0.9923,0.8785,-0.9604,-0.9952,0.9986,0.9995,0.9999,0.9992,0.9996,0.9992,-0.9611
yes,91,0.0,-0.1668,0.0629,0.7263,0.25,0.8271,-0.1027,0.0,0.6115,0.8126,0.5267,0.7003,0.5859,0.431,0.8898,0.4664,-0.4767,0.0,0.2732,0.0,0.9275,0.956,0.0,0.9999,0.4497,-0.802,0.8406,0.0,0.9766,1.0,0.8654,0.4019,-0.6249,-0.9964,0.4461,-0.8885,0.88,0.9998,0.6998
no,82,0.7734,0.0,-0.1668,0.0629,0.7263,0.25,0.8271,-0.1027,0.0,0.6115,0.8126,0.5267,0.7003,0.5859,0.431,0.8898,0.4664,-0.4767,0.0,0.0,0.9275,0.956,0.0,0.9999,0.4497,-0.802,0.8406,0.0,0.9766,1.0,0.8654,0.4019,-0.6249,-0.9964,0.4461,-0.8885,0.88,0.9998,0.6998
yes,2,0.7264,0.8126,0.9025,0.5282,0.8111,0.7248,0.8519,0.4767,0.5095,0.9325,0.6478,0.2263,0.6924,0.7656,0.7661,0.8477,0.296,-0.1045,0.9261,0.0,0.9996,0.9996,1.0,0.9996,-0.9629,0.9803,0.9997,0.9997,0.9904,0.9976,-0.9907,0.9997,-0.9971,0.9992,-0.9894,0.9995,1.0,0.9992,-0.9905,0.9998
no,2,0.0,-0.7506,0.7734,0.0,-0.1668,0.0629,0.7263,0.25,0.8271,-0.1027,0.0,0.6115,0.8126,0.5267,0.7003,0.5859,0.431,0.8898,0.4664,0.0,0.9275,0.956,0.0,0.9999,0.4497,-0.802,0.8406,0.0,0.9766,1.0,0.8654,0.4019,-0.6249,-0.9964,0.4461,-0.8885,0.88,0.9998,0.6998
yes,90,0.7283,0.9273,0.7264,0.8126,0.9025,0.5282,0.8111,0.7248,0.8519,0.4767,0.5095,0.9325,0.6478,0.2263,0.6924,0.7656,0.7661,0.8477,0.296,-0.1045,0.9996,0.9996,1.0,0.9996,-0.9629,0.9803,0.9997,0.9997,0.9904,0.9976,-0.9907,0.9997,-0.9971,0.9992,-0.9894,0.9995,1.0,0.9992,-0.9905,0.9998
yes,98,0.8279,0.7772,0.786,0.8724,0.8245,-0.6249,0.5598,0.7283,0.9273,0.7264,0.8126,0.9025,0.5282,0.8111,0.7248,0.8519,0.4767,0.5095,0.9325,0.6478,0.9996,0.9996,1.0,0.9996,-0.9629,0.9803,0.9997,0.9997,0.9904,0.9976,-0.9907,0.9997,-0.9971,0.9992,-0.9894,0.9995,1.0,0.9992,-0.9905,0.9998
yes,98,0.2263,0.7823,0.8633,0.8279,0.7772,0.786,0.8724,0.8245,-0.6249,0.5598,0.7283,0.9273,0.7264,0.8126,0.9025,0.5282,0.8111,0.7248,0.8519,0.4767,0.9996,0.9996,1.0,0.9996,-0.9629,0.9803,0.9997,0.9997,0.9904,0.9976,-0.9907,0.9997,-0.9971,0.9992,-0.9894,0.9995,1.0,0.9992,-0.9905,0.9998
yes,99,0.5598,0.1967,0.7644,0.2263,0.7823,0.8633,0.8279,0.7772,0.786,0.8724,0.8245,-0.6249,0.5598,0.7283,0.9273,0.7264,0.8126,0.9025,0.5282,0.8111,0.9996,0.9996,1.0,0.9996,-0.9629,0.9803,0.9997,0.9997,0.9904,0.9976,-0.9907,0.9997,-0.9971,0.9992,-0.9894,0.9995,1.0,0.9992,-0.9905,0.9998
yes,98,0.3744,0.659,0.8279,0.8313,0.9439,0.5598,0.1967,0.7644,0.2263,0.7823,0.8633,0.8279,0.7772,0.786,0.8724,0.8245,-0.6249,0.5598,0.7283,0.9273,0.9996,0.9996,1.0,0.9996,-0.9629,0.9803,0.9997,0.9997,0.9904,0.9976,-0.9907,0.9997,-0.9971,0.9992,-0.9894,0.9995,1.0,0.9992,-0.9905,0.9998
yes,96,0.5938,0.0,-0.4215,0.3744,0.659,0.8279,0.8313,0.9439,0.5598,0.1967,0.7644,0.2263,0.7823,0.8633,0.8279,0.7772,0.786,0.8724,0.8245,-0.6249,0.9996,0.9996,1.0,0.9996,-0.9629,0.9803,0.9997,0.9997,0.9904,0.9976,-0.9907,0.9997,-0.9971,0.9992,-0.9894,0.9995,1.0,0.9992,-0.9905,0.9998
yes,99,-0.5561,0.9069,0.6369,0.9025,0.2023,0.5938,0.0,-0.4215,0.3744,0.659,0.8279,0.8313,0.9439,0.5598,0.1967,0.7644,0.2263,0.7823,0.8633,0.8279,0.9996,0.9996,1.0,0.9996,-0.9629,0.9803,0.9997,0.9997,0.9904,0.9976,-0.9907,0.9997,-0.9971,0.9992,-0.9894,0.9995,1.0,0.9992,-0.9905,0.9998
yes,94,0.8025,0.6808,0.32,-0.5561,0.9069,0.6369,0.9025,0.2023,0.5938,0.0,-0.4215,0.3744,0.659,0.8279,0.8313,0.9439,0.5598,0.1967,0.7644,0.2263,0.9996,0.9996,1.0,0.9996,-0.9629,0.9803,0.9997,0.9997,0.9904,0.9976,-0.9907,0.9997,-0.9971,0.9992,-0.9894,0.9995,1.0,0.9992,-0.9905,0.9998
yes,86,0.8982,0.9121,0.4588,0.5244,-0.8462,0.8772,0.8025,0.6808,0.32,-0.5561,0.9069,0.6369,0.9025,0.2023,0.5938,0.0,-0.4215,0.3744,0.659,0.8279,0.9996,0.9996,1.0,0.9996,-0.9629,0.9803,0.9997,0.9997,0.9904,0.9976,-0.9907,0.9997,-0.9971,0.9992,-0.9894,0.9995,1.0,0.9992,-0.9905,0.9998
yes,96,0.4812,-0.4308,0.5719,0.8982,0.9121,0.4588,0.5244,-0.8462,0.8772,0.8025,0.6808,0.32,-0.5561,0.9069,0.6369,0.9025,0.2023,0.5938,0.0,-0.4215,0.9996,0.9996,1.0,0.9996,-0.9629,0.9803,0.9997,0.9997,0.9904,0.9976,-0.9907,0.9997,-0.9971,0.9992,-0.9894,0.9995,1.0,0.9992,-0.9905,0.9998
yes,99,0.8966,-0.0516,0.8656,0.4812,-0.4308,0.5719,0.8982,0.9121,0.4588,0.5244,-0.8462,0.8772,0.8025,0.6808,0.32,-0.5561,0.9069,0.6369,0.9025,0.2023,0.9996,0.9996,1.0,0.9996,-0.9629,0.9803,0.9997,0.9997,0.9904,0.9976,-0.9907,0.9997,-0.9971,0.9992,-0.9894,0.9995,1.0,0.9992,-0.9905,0.9998
yes,99,0.8122,0.5598,0.5598,0.8966,-0.0516,0.8656,0.4812,-0.4308,0.5719,0.8982,0.9121,0.4588,0.5244,-0.8462,0.8772,0.8025,0.6808,0.32,-0.5561,0.9069,0.9996,0.9996,1.0,0.9996,-0.9629,0.9803,0.9997,0.9997,0.9904,0.9976,-0.9907,0.9997,-0.9971,0.9992,-0.9894,0.9995,1.0,0.9992,-0.9905,0.9998
yes,99,-0.5719,-0.1239,0.5686,0.8122,0.5598,0.5598,0.8966,-0.0516,0.8656,0.4812,-0.4308,0.5719,0.8982,0.9121,0.4588,0.5244,-0.8462,0.8772,0.8025,0.6808,0.9996,0.9996,1.0,0.9996,-0.9629,0.9803,0.9997,0.9997,0.9904,0.9976,-0.9907,0.9997,-0.9971,0.9992,-0.9894,0.9995,1.0,0.9992,-0.9905,0.9998
yes,98,0.8748,-0.5719,-0.1239,0.5686,0.8122,0.5598,0.5598,0.8966,-0.0516,0.8656,0.4812,-0.4308,0.5719,0.8982,0.9121,0.4588,0.5244,-0.8462,0.8772,0.8025,0.9996,0.9996,1.0,0.9996,-0.9629,0.9803,0.9997,0.9997,0.9904,0.9976,-0.9907,0.9997,-0.9971,0.9992,-0.9894,0.9995,1.0,0.9992,-0.9905,0.9998
yes,99,0.4848,0.9234,0.4795,0.8748,-0.5719,-0.1239,0.5686,0.8122,0.5598,0.5598,0.8966,-0.0516,0.8656,0.4812,-0.4308,0.5719,0.8982,0.9121,0.4588,0.5244,0.9996,0.9996,1.0,0.9996,-0.9629,0.9803,0.9997,0.9997,0.9904,0.9976,-0.9907,0.9997,-0.9971,0.9992,-0.9894,0.9995,1.0,0.9992,-0.9905,0.9998
no,2,-0.6136
yes,95,-0.0209,0.7618,0.8932,0.8999,0.9588,-0.3626,0.7137,0.4848,0.9234,0.4795,0.8748,-0.5719,-0.1239,0.5686,0.8122,0.5598,0.5598,0.8966,-0.0516,0.8656,0.9996,0.9996,1.0,0.9996,-0.9629,0.9803,0.9997,0.9997,0.9904,0.9976,-0.9907,0.9997,-0.9971,0.9992,-0.9894,0.9995,1.0,0.9992,-0.9905,0.9998
no,4,-0.0209,0.7618,0.8932,0.8999,0.9588,-0.3626,0.7137,0.4848,0.9234,0.4795,0.8748,-0.5719,-0.1239,0.5686,0.8122,0.5598,0.5598,0.8966,-0.0516,0.8656,0.9996,0.9996,1.0,0.9996,-0.9629,0.9803,0.9997,0.9997,0.9904,0.9976,-0.9907,0.9997,-0.9971,0.9992,-0.9894,0.9995,1.0,0.9992,-0.9905,0.9998
yes,6,0.25,0.8149,0.4215,0.4404,0.4588,0.0,-0.1531,0.0,-0.3832,-0.3382,0.3595,-0.0772,-0.1139,0.1406,0.3612,0.0,0.0,0.2023,0.5106,0.6369,-0.9968,0.368,0.6625,-1.0,-0.9989,0.9999,0.0,0.9991,0.9801,0.9999,-0.3383,-0.5939,-0.8853,-0.9998,0.9999,0.9813,0.9992,0.0,0.5106,0.9998
no,82,0.8422,-0.2555,0.0,0.0,0.2023,0.2023,0.3291,-0.4767,-0.7003,0.8834,0.7684,-0.5267,-0.2342,-0.6124,0.9485,0.0101,-0.6428,-0.4939,0.25,0.714,0.368,0.6625,0.1027,-0.9997,0.0,0.9988,0.9999,0.4939,0.0,-0.0516,0.9996,0.9997,0.8038,0.2023,0.9989,-0.5859,0.6908,0.0,0.9996,0.9998
yes,73,0.2617,0.5267,0.25,0.8149,0.4215,0.4404,0.4588,0.0,-0.1531,0.0,-0.3832,-0.3382,0.3595,-0.0772,-0.1139,0.1406,0.3612,0.0,0.0,0.2023,-0.9968,0.368,0.6625,-1.0,0.0258,-0.9989,0.9999,0.0,0.9991,0.9801,0.9999,-0.3383,-0.5939,-0.8853,-0.9998,0.9999,0.9813,0.9992,0.0,0.5106
no,21,0.4588,0.2732,0.5267,0.8422,-0.2555,0.0,0.0,0.2023,0.2023,0.3291,-0.4767,-0.7003,0.8834,0.7684,-0.5267,-0.2342,-0.6124,0.9485,0.0101,-0.6428,0.368,0.6625,0.1027,-0.9997,0.0258,0.0,0.9988,0.9999,0.4939,0.0,-0.0516,0.9996,0.9997,0.8038,0.2023,0.9989,-0.5859,0.6908,0.0,0.9996
no,2,0.0,0.6369,-0.5986,0.2996,0.8105,0.9485,0.0,-0.25,0.0,0.4939,0.4404,0.5093,0.8037,0.6597,0.0,0.4588,0.0,0.5859,0.7003,-0.2732,0.6625,0.9972,0.993,0.0258,0.9988,0.9508,0.9928,-0.2263,-0.0516,0.9962,-0.9962,0.9971,0.9828,0.9807,0.9966,0.9978,-0.6597,0.9782,0.9929,0.0
yes,94,0.2996,0.4927,0.0,0.2617,0.5267,0.25,0.8149,0.4215,0.4404,0.4588,0.0,-0.1531,0.0,-0.3832,-0.3382,0.3595,-0.0772,-0.1139,0.1406,0.3612,-0.9968,0.368,0.6625,-1.0,0.0258,-0.9989,0.9999,0.0,0.9991,0.9801,0.9999,-0.3383,-0.5939,-0.8853,-0.9998,0.9999,0.9813,0.9992,0.0,0.5106
yes,73,0.34,-0.5994,0.2996,0.4927,0.0,0.2617,0.5267,0.25,0.8149,0.4215,0.4404,0.4588,0.0,-0.1531,0.0,-0.3832,-0.3382,0.3595,-0.0772,-0.9968,0.368,0.6625,-1.0,0.0258,-0.9989,0.9999,0.0,0.9991,0.9801,0.9999,-0.3383,-0.5939,-0.8853,-0.9998,0.9999,0.9813,0.9992,0.0,0.5106
no,18,0.0,0.5083,0.3716,0.0
no,18,0.0,0.0,0.8402,-0.3595,0.6369,0.0,0.2996,0.7639,0.0,0.0,0.1779,-0.126,0.0,0.0,0.7562,-0.6808,0.802,0.5719,0.4767,0.6613,0.9994,0.9997,1.0,0.9984,0.9984,-0.9966,0.9998,0.9997,0.9998,0.9998,-1.0,-0.7722,0.9994,0.9978,0.0,0.9998,0.9991,0.9929,0.9995,0.9998
yes,96,0.0,0.0,0.0,0.0,0.0,0.0772,0.0,0.6943,-0.5719,-0.1779,0.3818,0.1139,0.4588,0.3382,0.8598,-0.1449,0.5994,0.0,0.0,0.9994,0.9997,1.0,0.9984,0.9984,-0.9966,0.9998,0.9997,0.9998,0.9998,-1.0,-0.7722,0.9994,0.9978,0.0,0.9998,0.9991,0.9929,0.9995,0.9998
no,33,0.8598,0.34,-0.5994,0.2996,0.4927,0.0,0.2617,0.5267,0.25,0.8149,0.4215,0.4404,0.4588,0.0,-0.1531,0.0,-0.3832,-0.3382,-0.9968,0.368,0.6625,-1.0,0.0258,-0.9989,0.9999,0.0,0.9991,0.9801,0.9999,-0.3383,-0.5939,-0.8853,-0.9998,0.9999,0.9813,0.9992,0.0,0.5106
yes,69,0.4588,0.3382,0.8598,-0.1449,0.5994,0.0,0.0,0.8402,-0.3595,0.6369,0.0,0.2996,0.7639,0.0,0.0,0.1779,-0.126,0.0,0.0,0.9994,0.9997,1.0,0.9984,0.9984,-0.9966,0.9998,0.9997,0.9998,0.9998,-1.0,-0.7722,0.9994,0.9978,0.0,0.9998,0.9991,0.9929,0.9995,0.9998
no,10,0.4404,0.6467,0.8598,0.34,-0.5994,0.2996,0.4927,0.0,0.2617,0.5267,0.25,0.8149,0.4215,0.4404,0.4588,0.0,-0.1531,0.0,-0.9968,0.368,0.6625,-1.0,0.0258,-0.9989,0.9999,0.0,0.9991,0.9801,0.9999,-0.3383,-0.5939,-0.8853,-0.9998,0.9999,0.9813,0.9992,0.0,0.5106
yes,76,-0.1779,0.3818,0.1139,0.4588,0.3382,0.8598,-0.1449,0.5994,0.0,0.0,0.8402,-0.3595,0.6369,0.0,0.2996,0.7639,0.0,0.0,0.1779,0.9994,0.9997,1.0,0.9984,0.9984,-0.9966,0.9998,0.9997,0.9998,0.9998,-1.0,-0.7722,0.9994,0.9978,0.0,0.9998,0.9991,0.9929,0.9995,0.9998
no,2,0.5859,0.4588,-0.6378,0.9692,0.4404,0.6467,0.8598,0.34,-0.5994,0.2996,0.4927,0.0,0.2617,0.5267,0.25,0.8149,0.4215,0.4404,-0.9968,0.368,0.6625,-1.0,0.0258,-0.9989,0.9999,0.0,0.9991,0.9801,0.9999,-0.3383,-0.5939,-0.8853,-0.9998,0.9999,0.9813,0.9992,0.0,0.5106
yes,95,0.296,0.69,0.0,0.0,0.0,0.0,0.0,0.0,0.0772,0.0,0.6943,-0.5719,-0.1779,0.3818,0.1139,0.4588,0.3382,0.8598,-0.1449,0.5994,0.9994,0.9997,1.0,0.9984,0.9984,-0.9966,0.9998,0.9997,0.9998,0.9998,-1.0,-0.7722,0.9994,0.9978,0.0,0.9998,0.9991,0.9929,0.9995,0.9998
yes,94,0.0,0.1739,0.1027,0.0,0.296,0.69,0.0,0.0,0.0,0.0,0.0,0.0,0.0772,0.0,0.6943,-0.5719,-0.1779,0.3818,0.1139,0.4588,0.9994,0.9997,1.0,0.9984,0.9984,-0.9966,0.9998,0.9997,0.9998,0.9998,-1.0,-0.7722,0.9994,0.9978,0.0,0.9998,0.9991,0.9929,0.9995,0.9998
yes,97,0.6696,0.6486,0.0,0.0,0.7712,-0.126,0.0,0.1739,0.1027,0.0,0.296,0.69,0.0,0.0,0.0,0.0,0.0,0.0,0.0772,0.9994,0.9997,1.0,0.9984,0.9984,-0.9966,0.9998,0.9997,0.9998,0.9998,-1.0,-0.7722,0.9994,0.9978,0.0,0.9998,0.9991,0.9929,0.9995,0.9998
yes,90,0.0,0.0644,0.2996,0.6696,0.6486,0.0,0.0,0.7712,-0.126,0.0,0.1739,0.1027,0.0,0.296,0.69,0.0,0.0,0.0,0.0,0.9994,0.9997,1.0,0.9984,0.9984,-0.9966,0.9998,0.9997,0.9998,0.9998,-1.0,-0.7722,0.9994,0.9978,0.0,0.9998,0.9991,0.9929,0.9995,0.9998
no,2,0.659,0.4767,0.5647,0.5418,-0.4588,0.6808,0.4404,0.0,0.0,0.548,0.2484,0.2996,0.5859,0.0258,0.1511,0.567,0.0516,0.5719,0.0,0.3818,0.6625,0.9972,0.993,0.0258,0.9988,0.9508,0.9928,-0.2263,-0.0516,0.9962,-0.9962,0.9971,0.9828,0.9807,0.9966,0.9978,-0.6597,0.9782,0.9929,0.0
yes,94,0.0,0.0,0.0,0.0644,0.2996,0.6696,0.6486,0.0,0.0,0.7712,-0.126,0.0,0.1739,0.1027,0.0,0.296,0.69,0.0,0.0,0.9994,0.9997,1.0,0.9984,0.9984,-0.9966,0.9998,0.9997,0.9998,0.9998,-1.0,-0.7722,0.9994,0.9978,0.0,0.9998,0.9991,0.9929,0.9995,0.9998
yes,98,0.9854,-0.2732,0.6705,0.5411,0.0,0.0,0.0,0.0644,0.2996,0.6696,0.6486,0.0,0.0,0.7712,-0.126,0.0,0.1739,0.1027,0.0,0.9994,0.9997,1.0,0.9984,0.9984,-0.9966,0.9998,0.9997,0.9998,0.9998,-1.0,-0.7722,0.9994,0.9978,0.0,0.9998,0.9991,0.9929,0.9995,0.9998
no,40,0.6249,0.0,0.1189,0.9854,-0.2732,0.6705,0.5411,0.0,0.0,0.0,0.0644,0.2996,0.6696,0.6486,0.0,0.0,0.7712,-0.126,0.0,0.9994,0.9997,1.0,0.9984,0.9984,-0.9966,0.9998,0.9997,0.9998,0.9998,-1.0,-0.7722,0.9994,0.9978,0.0,0.9998,0.9991,0.9929,0.9995,0.9998
yes,49,0.0,0.9501,-0.4019,0.659,0.4767,0.5647,0.5418,-0.4588,0.6808,0.4404,0.0,0.0,0.548,0.2484,0.2996,0.5859,0.0258,0.1511,0.567,0.6625,0.9972,0.993,0.0258,0.9988,0.9508,0.9928,-0.2263,-0.0516,0.9962,-0.9962,0.9971,0.9828,0.9807,0.9966,0.9978,-0.6597,0.9782,0.9929,0.0
yes,93,0.802,0.9055,0.8881,0.5093,0.7978,0.0772,0.7125,0.6369,0.6597,0.1027,-0.1232,0.5106,0.0,0.9501,-0.4019,0.659,0.4767,0.5647,0.5418,0.6625,0.9972,0.993,0.0258,0.9988,0.9508,0.9928,-0.2263,-0.0516,0.9962,-0.9962,0.9971,0.9828,0.9807,0.9966,0.9978,-0.6597,0.9782,0.9929,0.0
no,5,-0.727,0.8313,0.6249,0.0,0.1189,0.9854,-0.2732,0.6705,0.5411,0.0,0.0,0.0,0.0644,0.2996,0.6696,0.6486,0.0,0.0,0.7712,0.9994,0.9997,1.0,0.9984,0.9984,-0.9966,0.9998,0.9997,0.9998,0.9998,-1.0,-0.7722,0.9994,0.9978,0.0,0.9998,0.9991,0.9929,0.9995,0.9998
no,43,-0.0959,0.8316,0.0,-0.1779,0.0,0.2714,0.802,0.9055,0.8881,0.5093,0.7978,0.0772,0.7125,0.6369,0.6597,0.1027,-0.1232,0.5106,0.0,0.9501,0.6625,0.9972,0.993,0.0258,0.9988,0.9508,0.9928,-0.2263,-0.0516,0.9962,-0.9962,0.9971,0.9828,0.9807,0.9966,0.9978,-0.6597,0.9782,0.9929,0.0
yes,52,0.0,-0.7003,0.0361,-0.2023,0.8225,-0.0661,0.0,0.6476,-0.6177,0.0,0.2023,0.92,0.4019,0.5267,0.3818,0.802,0.0772,0.937,-0.25,0.0,0.9996,0.9916,0.9997,1.0,0.9957,0.9994,-0.9629,0.9991,-0.5291,-0.8006,0.9994,-0.3415,0.9177,-0.2825,-0.9827,0.8779,0.9998,0.9826,0.8743
yes,99,0.8975,0.0,-0.7003,0.0361,-0.2023,0.8225,-0.0661,0.0,0.6476,-0.6177,0.0,0.2023,0.92,0.4019,0.5267,0.3818,0.802,0.0772,0.937,0.0,0.9996,0.9916,0.9997,1.0,0.9957,0.9994,-0.9629,0.9991,-0.5291,-0.8006,0.9994,-0.3415,0.9177,-0.2825,-0.9827,0.8779,0.9998,0.9826,0.8743
yes,78,0.7184,0.7906,0.2996,0.7545,0.7269,0.3612,0.4588,0.7579,0.9899,0.0,-0.2263,0.7777,0.8934,0.7131,-0.0959,0.8316,0.0,-0.1779,0.0,0.2714,0.6625,0.9972,0.993,0.0258,0.9988,0.9508,0.9928,-0.2263,-0.0516,0.9962,-0.9962,0.9971,0.9828,0.9807,0.9966,0.9978,-0.6597,0.9782,0.9929,0.0
no,19,0.96,0.6887,0.4019,0.8126,0.8975,0.0,-0.7003,0.0361,-0.2023,0.8225,-0.0661,0.0,0.6476,-0.6177,0.0,0.2023,0.92,0.4019,0.5267,0.3818,0.0,0.9996,0.9916,0.9997,1.0,0.9957,0.9994,-0.9629,0.9991,-0.5291,-0.8006,0.9994,-0.3415,0.9177,-0.2825,-0.9827,0.8779,0.9998,0.9826,0.8743
yes,95,-0.5707,0.931,0.7184,0.7906,0.2996,0.7545,0.7269,0.3612,0.4588,0.7579,0.9899,0.0,-0.2263,0.7777,0.8934,0.7131,-0.0959,0.8316,0.0,-0.1779,0.6625,0.9972,0.993,0.0258,0.9988,0.9508,0.9928,-0.2263,-0.0516,0.9962,-0.9962,0.9971,0.9828,0.9807,0.9966,0.9978,-0.6597,0.9782,0.9929,0.0
no,2,0.8625,0.0,0.96,0.6887,0.4019,0.8126,0.8975,0.0,-0.7003,0.0361,-0.2023,0.8225,-0.0661,0.0,0.6476,-0.6177,0.0,0.2023,0.92,0.4019,0.0,0.9996,0.9916,0.9997,1.0,0.9957,0.9994,-0.9629,0.9991,-0.5291,-0.8006,0.9994,-0.3415,0.9177,-0.2825,-0.9827,0.8779,0.9998,0.9826,0.8743
yes,86,-0.5707,0.931,0.7184,0.7906,0.2996,0.7545,0.7269,0.3612,0.4588,0.7579,0.9899,0.0,-0.2263,0.7777,0.8934,0.7131,-0.0959,0.8316,0.0,-0.1779,0.6625,0.9972,0.993,0.0258,0.9988,0.9508,0.9928,-0.2263,-0.0516,0.9962,-0.9962,0.9971,0.9828,0.9807,0.9966,0.9978,-0.6597,0.9782,0.9929,0.0
no,12,0.3971,-0.25,-0.6249,0.0,0.5574,0.8625,0.0,0.96,0.6887,0.4019,0.8126,0.8975,0.0,-0.7003,0.0361,-0.2023,0.8225,-0.0661,0.0,0.0,0.9996,0.9916,0.9997,1.0,0.9957,0.9994,-0.9629,0.9991,-0.5291,-0.8006,0.9994,-0.3415,0.9177,-0.2825,-0.9827,0.8779,0.9998,0.9826,0.6607
no,21,0.3119,-0.0516,-0.5707,0.931,0.7184,0.7906,0.2996,0.7545,0.7269,0.3612,0.4588,0.7579,0.9899,0.0,-0.2263,0.7777,0.8934,0.7131,-0.0959,0.8316,0.6625,0.9972,0.993,0.0258,0.9988,0.9508,0.9928,-0.2263,-0.0516,0.9962,-0.9962,0.9971,0.9828,0.9807,0.9966,0.9978,-0.6597,0.9782,0.9929,0.0
yes,71,-0.0516,0.0,-0.34,0.8217,0.3971,-0.25,-0.6249,0.0,0.5574,0.8625,0.0,0.96,0.6887,0.4019,0.8126,0.8975,0.0,-0.7003,0.0361,0.0,0.9996,0.9916,0.9997,1.0,0.9957,0.9994,-0.9629,0.9991,-0.5291,-0.8006,0.9994,-0.3415,0.9177,-0.2825,-0.9827,0.8779,0.9998,0.9826,0.6607
yes,98,-0.0516,0.0,-0.34,0.8217,0.3971,-0.25,-0.6249,0.0,0.5574,0.8625,0.0,0.96,0.6887,0.4019,0.8126,0.8975,0.0,-0.7003,0.0361,0.0,0.9996,0.9916,0.9997,1.0,0.9957,0.9994,-0.9629,0.9991,-0.5291,-0.8006,0.9994,-0.3415,0.9177,-0.2825,-0.9827,0.8779,0.9998,0.9826,0.6607
yes,99,-0.0516,0.0,-0.34,0.8217,0.3971,-0.25,-0.6249,0.0,0.5574,0.8625,0.0,0.96,0.6887,0.4019,0.8126,0.8975,0.0,-0.7003,0.0361,0.0,0.9996,0.9916,0.9997,1.0,0.9957,0.9994,-0.9629,0.9991,-0.5291,-0.8006,0.9994,-0.3415,0.9177,-0.2825,-0.9827,0.8779,0.9998,0.9826,0.6607
yes,99,0.4019,0.2023,-0.0516,0.0,-0.34,0.8217,0.3971,-0.25,-0.6249,0.0,0.5574,0.8625,0.0,0.96,0.6887,0.4019,0.8126,0.8975,0.0,0.0,0.9996,0.9916,0.9997,1.0,0.9957,0.9994,-0.9629,0.9991,-0.5291,-0.8006,0.9994,-0.3415,0.9177,-0.2825,-0.9827,0.8779,0.9998,0.9826,0.6607
yes,99,0.6808,0.4019,0.2023,-0.0516,0.0,-0.34,0.8217,0.3971,-0.25,-0.6249,0.0,0.5574,0.8625,0.0,0.96,0.6887,0.4019,0.8126,0.8975,0.0,0.9996,0.9916,0.9997,1.0,0.9957,0.9994,-0.9629,0.9991,-0.5291,-0.8006,0.9994,-0.3415,0.9177,-0.2825,-0.9827,0.8779,0.9998,0.9826,0.6607
yes,98,-0.4019,0.2023,0.6808,0.4019,0.2023,-0.0516,0.0,-0.34,0.8217,0.3971,-0.25,-0.6249,0.0,0.5574,0.8625,0.0,0.96,0.6887,0.4019,0.0,0.9996,0.9916,0.9997,1.0,0.9957,0.9994,-0.9629,0.9991,-0.5291,-0.8006,0.9994,-0.3415,0.9177,-0.2825,-0.9827,0.8779,0.9998,0.9826,0.6607
yes,99,0.6908,0.8779,-0.4019,0.2023,0.6808,0.4019,0.2023,-0.0516,0.0,-0.34,0.8217,0.3971,-0.25,-0.6249,0.0,0.5574,0.8625,0.0,0.96,0.0,0.9996,0.9916,0.9997,1.0,0.9957,0.9994,-0.9629,0.9991,-0.5291,-0.8006,0.9994,-0.3415,0.9177,-0.2825,-0.9827,0.8779,0.9998,0.9826,0.6607
yes,99,0.6908,0.8779,-0.4019,0.2023,0.6808,0.4019,0.2023,-0.0516,0.0,-0.34,0.8217,0.3971,-0.25,-0.6249,0.0,0.5574,0.8625,0.0,0.96,0.0,0.9996,0.9916,0.9997,1.0,0.9957,0.9994,-0.9629,0.9991,-0.5291,-0.8006,0.9994,-0.3415,0.9177,-0.2825,-0.9827,0.8779,0.9998,0.9826,0.6607
yes,98,0.0772,0.6908,0.8779,-0.4019,0.2023,0.6808,0.4019,0.2023,-0.0516,0.0,-0.34,0.8217,0.3971,-0.25,-0.6249,0.0,0.5574,0.8625,0.0,0.0,0.9996,0.9916,0.9997,1.0,0.9957,0.9994,-0.9629,0.9991,-0.5291,-0.8006,0.9994,-0.3415,0.9177,-0.2825,-0.9827,0.8779,0.9998,0.9826,0.6607
yes,97,0.0772,0.6908,0.8779,-0.4019,0.2023,0.6808,0.4019,0.2023,-0.0516,0.0,-0.34,0.8217,0.3971,-0.25,-0.6249,0.0,0.5574,0.8625,0.0,0.0,0.9996,0.9916,0.9997,1.0,0.9957,0.9994,-0.9629,0.9991,-0.5291,-0.8006,0.9994,-0.3415,0.9177,-0.2825,-0.9827,0.8779,0.9998,0.9826,0.6607
yes,97,0.0,0.0772,0.6908,0.8779,-0.4019,0.2023,0.6808,0.4019,0.2023,-0.0516,0.0,-0.34,0.8217,0.3971,-0.25,-0.6249,0.0,0.5574,0.8625,0.0,0.9996,0.9916,0.9997,1.0,0.9957,0.9994,-0.9629,0.9991,-0.5291,-0.8006,0.9994,-0.3415,0.9177,-0.2825,-0.9827,0.8779,0.9998,0.9826,0.6607
yes,99,0.0,0.0772,0.6908,0.8779,-0.4019,0.2023,0.6808,0.4019,0.2023,-0.0516,0.0,-0.34,0.8217,0.3971,-0.25,-0.6249,0.0,0.5574,0.8625,0.0,0.9996,0.9916,0.9997,1.0,0.9957,0.9994,-0.9629,0.9991,-0.5291,-0.8006,0.9994,-0.3415,0.9177,-0.2825,-0.9827,0.8779,0.9998,0.9826,0.6607
yes,99,0.0,0.0772,0.6908,0.8779,-0.4019,0.2023,0.6808,0.4019,0.2023,-0.0516,0.0,-0.34,0.8217,0.3971,-0.25,-0.6249,0.0,0.5574,0.8625,0.0,0.9996,0.9916,0.9997,1.0,0.9957,0.9994,-0.9629,0.9991,-0.5291,-0.8006,0.9994,-0.3415,0.9177,-0.2825,-0.9827,0.8779,0.9998,0.9826,0.6607
yes,99,0.0,0.0772,0.6908,0.8779,-0.4019,0.2023,0.6808,0.4019,0.2023,-0.0516,0.0,-0.34,0.8217,0.3971,-0.25,-0.6249,0.0,0.5574,0.8625,0.0,0.9996,0.9916,0.9997,1.0,0.9957,0.9994,-0.9629,0.9991,-0.5291,-0.8006,0.9994,-0.3415,0.9177,-0.2825,-0.9827,0.8779,0.9998,0.9826,0.6607
yes,6,0.0,0.0772,0.6908,0.8779,-0.4019,0.2023,0.6808,0.4019,0.2023,-0.0516,0.0,-0.34,0.8217,0.3971,-0.25,-0.6249,0.0,0.5574,0.8625,0.0,0.9996,0.9916,0.9997,1.0,0.9957,0.9994,-0.9629,0.9991,-0.5291,-0.8006,0.9994,-0.3415,0.9177,-0.2825,-0.9827,0.8779,0.9998,0.9826,0.6607
no,18,-0.4855,0.4201,0.0,0.9052,-0.6369,0.7501,0.5514,-0.2263,0.8122,0.128,-0.5093,-0.6597,0.34,0.6679,0.2382,-0.5267,0.8834,0.4404,0.0,0.6625,0.9972,0.993,0.0258,0.9988,0.9508,0.9928,-0.2263,-0.0516,0.9962,-0.9962,0.9971,0.9828,0.9807,0.9966,0.9978,-0.6597,0.9782,0.9929,0.0
no,70,0.5423,0.886,-0.34,0.9814,0.5719,0.2023,0.2023,0.8577,0.5859,-0.4767,0.6351,-0.5574,0.4753,0.0,-0.7236,0.0516,-0.34,-0.34,0.6682,0.9915,0.94,0.9997,-0.2732,0.3612,-0.9869,0.9997,0.9994,0.7937,0.9959,0.9996,0.9994,0.6479,-0.5719,-0.998,0.9847,0.7937,-0.9978,-0.952,0.9996
yes,73,-0.4995,-0.981,-0.981,0.5423,0.886,-0.34,0.9814,0.5719,0.2023,0.2023,0.8577,0.5859,-0.4767,0.6351,-0.5574,0.4753,0.0,-0.7236,0.0516,0.9915,0.94,0.9997,-0.2732,0.3612,-0.9869,0.9997,0.9994,0.7937,0.9959,0.9996,0.9994,0.6479,-0.5719,-0.998,0.9847,0.7937,-0.9978,-0.952,0.9996
no,17,-0.4995,0.4144,-0.2798,0.7644,0.9485,0.6002,0.6615,0.5023,0.5411,0.0,-0.4442,0.2983,0.5598,0.9153,0.7977,0.7283,-0.8536,0.8777,-0.4478,0.9996,0.9996,1.0,0.9996,-0.9629,0.9803,0.9997,0.9997,0.9904,0.9976,-0.9907,0.9997,-0.9971,0.9992,-0.9894,0.9995,1.0,0.9992,-0.9905,0.9998
no,2,0.5106,0.0,0.6369,0.4939,0.5719,0.3612,0.7845,0.7034,0.5719,-0.4855,0.4201,0.0,0.9052,-0.6369,0.7501,0.5514,-0.2263,0.8122,0.128,0.6625,0.9972,0.993,0.0258,0.9988,0.9508,0.9928,-0.2263,-0.0516,0.9962,-0.9962,0.9971,0.9828,0.9807,0.9966,0.9978,-0.6597,0.9782,0.9929,0.0
no,97,-0.4995,-0.981,-0.981,0.5423,0.886,-0.34,0.9814,0.5719,0.2023,0.2023,0.8577,0.5859,-0.4767,0.6351,-0.5574,0.4753,0.0,-0.7236,0.0516,0.9915,0.94,0.9997,-0.2732,0.3612,-0.9869,0.9997,0.9994,0.7937,0.9959,0.9996,0.9994,0.6479,-0.5719,-0.998,0.9847,0.7937,-0.9978,-0.952,0.9996
yes,2,-0.4995,0.4144,-0.2798,0.7644,0.9485,0.6002,0.6615,0.5023,0.5411,0.0,-0.4442,0.2983,0.5598,0.9153,0.7977,0.7283,-0.8536,0.8777,-0.4478,0.9996,0.9996,1.0,0.9996,-0.9629,0.9803,0.9997,0.9997,0.9904,0.9976,-0.9907,0.9997,-0.9971,0.9992,-0.9894,0.9995,1.0,0.9992,-0.9905,0.9998
yes,79,0.8968,-0.4995,0.4144,-0.2798,0.7644,0.9485,0.6002,0.6615,0.5023,0.5411,0.0,-0.4442,0.2983,0.5598,0.9153,0.7977,0.7283,-0.8536,0.8777,0.9996,0.9996,1.0,0.9996,-0.9629,0.9803,0.9997,0.9997,0.9904,0.9976,-0.9907,0.9997,-0.9971,0.9992,-0.9894,0.9995,1.0,0.9992,-0.9905,0.9998
no,18,0.0258,0.0258,0.0258,-0.4995,-0.981,-0.981,0.5423,0.886,-0.34,0.9814,0.5719,0.2023,0.2023,0.8577,0.5859,-0.4767,0.6351,-0.5574,0.4753,0.9915,0.94,0.9997,-0.2732,0.3612,-0.9869,0.9997,0.9994,0.7937,0.9959,0.9996,0.9994,0.6479,-0.5719,-0.998,0.9847,0.7937,-0.9978,-0.952,0.9996
no,14,-0.4215,-0.6295,0.7207,-0.4215,0.0258,0.0258,0.0258,-0.4995,-0.981,-0.981,0.5423,0.886,-0.34,0.9814,0.5719,0.2023,0.2023,0.8577,0.5859,0.9915,0.94,0.9997,-0.2732,0.3612,-0.9869,0.9997,0.9994,0.7937,0.9959,0.9996,0.9994,0.6479,-0.5719,-0.998,0.9847,0.7937,-0.9978,-0.952,0.9996
yes,84,0.6615,0.8968,-0.4995,0.4144,-0.2798,0.7644,0.9485,0.6002,0.6615,0.5023,0.5411,0.0,-0.4442,0.2983,0.5598,0.9153,0.7977,0.7283,-0.8536,0.9996,0.9996,1.0,0.9996,-0.9629,0.9803,0.9997,0.9997,0.9904,0.9976,-0.9907,0.9997,-0.9971,0.9992,-0.9894,0.9995,1.0,0.9992,-0.9905,0.9998
no,7,0.0,0.8216,0.3489,0.4223,-0.4215,-0.6295,0.7207,-0.4215,0.0258,0.0258,0.0258,-0.4995,-0.981,-0.981,0.5423,0.886,-0.34,0.9814,0.5719,0.2023,0.9915,0.94,0.9997,-0.2732,0.3612,-0.9869,0.9997,0.9994,0.7937,0.9959,0.9996,0.9994,0.6479,-0.5719,-0.998,0.9847,0.7937,-0.9978,-0.952,0.9996
yes,85,0.6615,0.8968,-0.4995,0.4144,-0.2798,0.7644,0.9485,0.6002,0.6615,0.5023,0.5411,0.0,-0.4442,0.2983,0.5598,0.9153,0.7977,0.7283,-0.8536,0.9996,0.9996,1.0,0.9996,-0.9629,0.9803,0.9997,0.9997,0.9904,0.9976,-0.9907,0.9997,-0.9971,0.9992,-0.9894,0.9995,1.0,0.9992,-0.9905,0.9998
no,6,-0.4234,0.0,0.0036,0.9461,-0.6249,0.8625,0.9313,0.8216,-0.0387,-0.0798,0.9386,0.3489,0.0,0.5023,0.3612,0.8011,0.7343,0.9184,0.9719,0.9996,-0.8006,0.9964,0.9994,-0.2825,0.9402,0.998,-0.9275,0.2732,0.9984,-0.9966,0.9748,0.9977,-0.9971,0.9395,0.999,0.9818,-0.9894,-0.9999,0.9996
yes,56,0.4529,0.4939,0.0,0.8216,0.3489,0.4223,-0.4215,-0.6295,0.7207,-0.4215,0.0258,0.0258,0.0258,-0.4995,-0.981,-0.981,0.5423,0.886,-0.34,0.9814,0.9915,0.94,0.9997,-0.2732,0.3612,-0.9869,0.9997,0.9994,0.7937,0.9959,0.9996,0.9994,0.6479,-0.5719,-0.998,0.9847,0.7937,-0.9978,-0.952,0.9996
no,33,0.6615,0.8968,-0.4995,0.4144,-0.2798,0.7644,0.9485,0.6002,0.6615,0.5023,0.5411,0.0,-0.4442,0.2983,0.5598,0.9153,0.7977,0.7283,-0.8536,0.9996,0.9996,1.0,0.9996,-0.9629,0.9803,0.9997,0.9997,0.9904,0.9976,-0.9907,0.9997,-0.9971,0.9992,-0.9894,0.9995,1.0,0.9992,-0.9905,0.9998
no,36,0.743,0.6615,0.8968,-0.4995,0.4144,-0.2798,0.7644,0.9485,0.6002,0.6615,0.5023,0.5411,0.0,-0.4442,0.2983,0.5598,0.9153,0.7977,0.7283,0.9996,0.9996,1.0,0.9996,-0.9629,0.9803,0.9997,0.9997,0.9904,0.9976,-0.9907,0.9997,-0.9971,0.9992,-0.9894,0.9995,1.0,0.9992,-0.9905,0.9998
yes,58,-0.8529,-0.34,0.3885,-0.5423,0.4529,0.4939,0.0,0.8216,0.3489,0.4223,-0.4215,-0.6295,0.7207,-0.4215,0.0258,0.0258,0.0258,-0.4995,-0.981,-0.981,0.9915,0.94,0.9997,-0.2732,0.3612,-0.9869,0.9997,0.9994,0.7937,0.9959,0.9996,0.9994,0.6479,-0.5719,-0.998,0.9847,0.7937,-0.9978,-0.952,0.9996
no,4,-0.7556,-0.701,0.1779,0.6114,-0.1027,0.1027,-0.6432,-0.2244,0.0,0.6682,0.8992,0.9806,0.0,0.4019,0.0,0.6249,0.431,0.6249,0.7003,0.8519,0.9995,-0.9923,0.9991,0.9972,0.9926,-0.9951,-0.8707,-0.9989,0.5423,-0.9842,1.0,0.9974,-0.9981,0.914,0.7531,-0.9986,0.9357,1.0,0.9973,0.9967
yes,77,-0.8529,-0.34,0.3885,-0.5423,0.4529,0.4939,0.0,0.8216,0.3489,0.4223,-0.4215,-0.6295,0.7207,-0.4215,0.0258,0.0258,0.0258,-0.4995,-0.981,-0.981,0.9915,0.94,0.9997,-0.2732,0.3612,-0.9869,0.9997,0.9994,0.7937,0.9959,0.9996,0.9994,0.6479,-0.5719,-0.998,0.9847,0.7937,-0.9978,-0.952,0.9996
no,10,0.743,0.6615,0.8968,-0.4995,0.4144,-0.2798,0.7644,0.9485,0.6002,0.6615,0.5023,0.5411,0.0,-0.4442,0.2983,0.5598,0.9153,0.7977,0.7283,0.9996,0.9996,1.0,0.9996,-0.9629,0.9803,0.9997,0.9997,0.9904,0.9976,-0.9907,0.9997,-0.9971,0.9992,-0.9894,0.9995,1.0,0.9992,-0.9905,0.9998
no,7,0.2732,-0.5574,-0.5789,-0.7003,-0.7003,-0.5994,-0.5423,-0.7579,0.0,-0.891,-0.7003,0.4404,-0.958,-0.9994,-0.5574,0.6486,-0.9907,0.0,0.9992,-0.7003,0.9984
yes,93,0.0772,-0.8529,-0.34,0.3885,-0.5423,0.4529,0.4939,0.0,0.8216,0.3489,0.4223,-0.4215,-0.6295,0.7207,-0.4215,0.0258,0.0258,0.0258,-0.4995,-0.981,0.9915,0.94,0.9997,-0.2732,0.3612,-0.9869,0.9997,0.9994,0.7937,0.9959,0.9996,0.9994,0.6479,-0.5719,-0.998,0.9847,0.7937,-0.9978,-0.952,0.9996
no,6,0.0,0.6588,0.0772,0.4199,0.9656,0.8862,0.8658,0.8883,0.6808,0.8671,0.3612,0.926,0.8201,0.923,0.9693,0.7184,0.3612,0.8765,0.7906,0.7269,0.9996,-0.8006,0.9964,0.9994,-0.2825,0.9402,0.998,-0.9275,0.2732,0.9984,-0.9966,0.9748,0.9977,-0.9971,0.9395,0.999,0.9818,-0.9894,-0.9999,0.9996
yes,88,-0.6369,0.8096,-0.34,-0.5216,-0.7723,0.2732,-0.5859,0.0772,-0.8529,-0.34,0.3885,-0.5423,0.4529,0.4939,0.0,0.8216,0.3489,0.4223,-0.4215,-0.6295,0.9915,0.94,0.9997,-0.2732,0.3612,-0.9869,0.9997,0.9994,0.7937,0.9959,0.9996,0.9994,0.6479,-0.5719,-0.998,0.9847,0.7937,-0.9978,-0.952,0.9996
no,5,-0.0258,0.8753,0.743,0.6615,0.8968,-0.4995,0.4144,-0.2798,0.7644,0.9485,0.6002,0.6615,0.5023,0.5411,0.0,-0.4442,0.2983,0.5598,0.9153,0.9996,0.9996,1.0,0.9996,-0.9629,0.9803,0.9997,0.9997,0.9904,0.9976,-0.9907,0.9997,-0.9971,0.9992,-0.9894,0.9995,1.0,0.9992,-0.9905,0.9998
yes,94,0.6486,-0.6369,0.8096,-0.34,-0.5216,-0.7723,0.2732,-0.5859,0.0772,-0.8529,-0.34,0.3885,-0.5423,0.4529,0.4939,0.0,0.8216,0.3489,0.4223,-0.4215,0.9915,0.94,0.9997,-0.2732,0.3612,-0.9869,0.9997,0.9994,0.7937,0.9959,0.9996,0.9994,0.6479,-0.5719,-0.998,0.9847,0.7937,-0.9978,-0.952,0.9996
no,2,0.5598,0.9015,0.4134,0.5859,0.6615,0.9779,0.9114,-0.0258,0.8753,0.743,0.6615,0.8968,-0.4995,0.4144,-0.2798,0.7644,0.9485,0.6002,0.6615,0.9996,0.9996,1.0,0.9996,-0.9629,0.9803,0.9997,0.9997,0.9904,0.9976,-0.9907,0.9997,-0.9971,0.9992,-0.9894,0.9995,1.0,0.9992,-0.9905,0.9998
no,2,0.2023,0.6542,0.0,-0.8356,0.34,-0.25,-0.0516,0.7233,0.4767,-0.5423,0.5719,0.0085,-0.8658,-0.5255,0.0,0.9997,0.0,0.9945,0.9986,0.9813,-0.327
yes,96,0.3612,0.6486,-0.6369,0.8096,-0.34,-0.5216,-0.7723,0.2732,-0.5859,0.0772,-0.8529,-0.34,0.3885,-0.5423,0.4529,0.4939,0.0,0.8216,0.3489,0.4223,0.9915,0.94,0.9997,-0.2732,0.3612,-0.9869,0.9997,0.9994,0.7937,0.9959,0.9996,0.9994,0.6479,-0.5719,-0.998,0.9847,0.7937,-0.9978,-0.952,0.9996
yes,86,-0.4588,0.8832,-0.2481,0.3612,0.6486,-0.6369,0.8096,-0.34,-0.5216,-0.7723,0.2732,-0.5859,0.0772,-0.8529,-0.34,0.3885,-0.5423,0.4529,0.4939,0.0,0.9915,0.94,0.9997,-0.2732,0.3612,-0.9869,0.9997,0.9994,0.7937,0.9959,0.9996,0.9994,0.6479,-0.5719,-0.998,0.9847,0.7937,-0.9978,-0.952,0.9996
no,8,0.0,0.8622,-0.4019,0.3182,0.0,0.2023,0.0,0.9408,0.5083,0.9168,0.0,0.0,-0.1027,0.2023,0.0,0.9747,0.7845,0.7177,0.0,0.9468,0.9995,0.6625,0.9972,0.993,-0.34,0.5574,0.0258,0.9988,-0.34,0.9508,0.9999,-0.5994,0.9928,0.9998,-0.9848,0.9999,0.8881,0.0,0.9962,-0.7026
no,7,-0.3182,-0.3182,0.4404,0.3182,0.3382,0.0,0.2263,0.3182,0.4754,0.7884,0.4215,0.7351,0.6486,0.0,-0.5423,0.899,0.0,0.6486,0.7795,-0.7306,-0.4767,-0.9999,-0.9998,0.9994,0.0,0.9877,-0.9057,0.0,0.9998,0.9514,-0.9678,0.9997,0.9837,0.8496,0.9895,0.9592,0.7932,0.9998,0.9858,0.8795
yes,96,0.0814,-0.4588,0.8832,-0.2481,0.3612,0.6486,-0.6369,0.8096,-0.34,-0.5216,-0.7723,0.2732,-0.5859,0.0772,-0.8529,-0.34,0.3885,-0.5423,0.4529,0.9915,0.94,0.9997,-0.2732,0.3612,-0.9869,0.9997,0.9994,0.7937,0.9959,0.9996,0.9994,0.6479,-0.5719,-0.998,0.9847,0.7937,-0.9978,-0.952,0.9996
no,2,0.0,0.8622,-0.4019,0.3182,0.0,0.2023,0.0,0.9408,0.5083,0.9168,0.0,0.0,-0.1027,0.2023,0.0,0.9747,0.7845,0.7177,0.0,0.9468,0.9995,0.6625,0.9972,0.993,-0.34,0.5574,0.0258,0.9988,-0.34,0.9508,0.9999,-0.5994,0.9928,0.9998,-0.9848,0.9999,0.8881,0.0,0.9962,-0.7026
no,92,-0.0482,0.4215,0.0814,-0.4588,0.8832,-0.2481,0.3612,0.6486,-0.6369,0.8096,-0.34,-0.5216,-0.7723,0.2732,-0.5859,0.0772,-0.8529,-0.34,0.3885,0.9915,0.94,0.9997,-0.2732,0.3612,-0.9869,0.9997,0.9994,0.7937,0.9959,0.9996,0.9994,0.6479,-0.5719,-0.998,0.9847,0.7937,-0.9978,-0.952,0.9996
yes,7,0.4215,0.0814,-0.5927,0.9216,0.8689,0.4404,0.6187,-0.1531,0.4019,-0.9295,-0.6326,0.0516,-0.8625,0.8555,0.7897,0.0,0.0,0.34,-0.25,0.3716,1.0,0.9995,-0.8478,0.9975,0.9998,1.0,1.0,0.9998,-0.4245,0.0,0.9981,1.0,0.8749,0.9997,0.9998,1.0,0.9942,-0.5416,-0.992,0.9927
no,7,-0.8381,-0.3818,-0.0482,0.4215,0.0814,-0.4588,0.8832,-0.2481,0.3612,0.6486,-0.6369,0.8096,-0.34,-0.5216,-0.7723,0.2732,-0.5859,0.0772,-0.8529,0.9915,0.94,0.9997,-0.2732,0.3612,-0.9869,0.9997,0.9994,0.7937,0.9959,0.9996,0.9994,0.6479,-0.5719,-0.998,0.9847,0.7937,-0.9978,-0.952,0.9996
yes,86,-0.5267,-0.5423,0.4215,0.0814,-0.5927,0.9216,0.8689,0.4404,0.6187,-0.1531,0.4019,-0.9295,-0.6326,0.0516,-0.8625,0.8555,0.7897,0.0,0.0,0.34,1.0,0.9995,-0.8478,0.9975,0.9998,1.0,1.0,0.9998,-0.4245,0.0,0.9981,1.0,0.8749,0.9997,0.9998,1.0,0.9942,-0.5416,-0.992,0.9927
no,8,0.0814,0.9216,-0.7906,0.6249,0.6341,0.8586,0.0498,0.8259,0.0,-0.3071,0.6597,-0.8078,-0.8519,0.6521,-0.7506,0.9995,0.9998,0.9996,0.9998,-0.9985,0.999,0.9974,0.9988,0.998,-0.9999,-0.9801,-0.9999,-0.9935,0.9995,-0.8319,0.9475,0.9987,-0.9997,-0.9992,0.9991
yes,97,-0.5267,-0.5267,-0.5423,0.4215,0.0814,-0.5927,0.9216,0.8689,0.4404,0.6187,-0.1531,0.4019,-0.9295,-0.6326,0.0516,-0.8625,0.8555,0.7897,0.0,0.0,1.0,0.9995,-0.8478,0.9975,0.9998,1.0,1.0,0.9998,-0.4245,0.0,0.9981,1.0,0.8749,0.9997,0.9998,1.0,0.9942,-0.5416,-0.992,0.9927
yes,98,0.2023,0.4939,0.296,0.2023,0.25,0.5106,-0.5267,-0.5267,-0.5423,0.4215,0.0814,-0.5927,0.9216,0.8689,0.4404,0.6187,-0.1531,0.4019,-0.9295,-0.6326,1.0,0.9995,-0.8478,0.9975,0.9998,1.0,1.0,0.9998,-0.4245,0.0,0.9981,1.0,0.8749,0.9997,0.9998,1.0,0.9942,-0.5416,-0.992,0.9927
yes,99,0.6007,-0.5859,0.5267,0.2023,0.2023,0.4939,0.296,0.2023,0.25,0.5106,-0.5267,-0.5267,-0.5423,0.4215,0.0814,-0.5927,0.9216,0.8689,0.4404,0.6187,1.0,0.9995,-0.8478,0.9975,0.9998,1.0,1.0,0.9998,-0.4245,0.0,0.9981,1.0,0.8749,0.9997,0.9998,1.0,0.9942,-0.5416,-0.992,0.9927
yes,99,0.5262,0.6007,-0.5859,0.5267,0.2023,0.2023,0.4939,0.296,0.2023,0.25,0.5106,-0.5267,-0.5267,-0.5423,0.4215,0.0814,-0.5927,0.9216,0.8689,0.4404,1.0,0.9995,-0.8478,0.9975,0.9998,1.0,1.0,0.9998,-0.4245,0.0,0.9981,1.0,0.8749,0.9997,0.9998,1.0,0.9942,-0.5416,-0.992,0.9927
yes,99,-0.9493,-0.7133,-0.7639,0.5262,0.6007,-0.5859,0.5267,0.2023,0.2023,0.4939,0.296,0.2023,0.25,0.5106,-0.5267,-0.5267,-0.5423,0.4215,0.0814,-0.5927,1.0,0.9995,-0.8478,0.9975,0.9998,1.0,1.0,0.9998,-0.4245,0.0,0.9981,1.0,0.8749,0.9997,0.9998,1.0,0.9942,-0.5416,-0.992,0.9927
yes,97,0.2244,0.6369,-0.3071,-0.9493,-0.7133,-0.7639,0.5262,0.6007,-0.5859,0.5267,0.2023,0.2023,0.4939,0.296,0.2023,0.25,0.5106,-0.5267,-0.5267,-0.5423,1.0,0.9995,-0.8478,0.9975,0.9998,1.0,1.0,0.9998,-0.4245,0.0,0.9981,1.0,0.8749,0.9997,0.9998,1.0,0.9942,-0.5416,-0.992,0.9927
yes,99,-0.4404,0.2244,0.6369,-0.3071,-0.9493,-0.7133,-0.7639,0.5262,0.6007,-0.5859,0.5267,0.2023,0.2023,0.4939,0.296,0.2023,0.25,0.5106,-0.5267,-0.5267,1.0,0.9995,-0.8478,0.9975,0.9998,1.0,1.0,0.9998,-0.4245,0.0,0.9981,1.0,0.8749,0.9997,0.9998,1.0,0.9942,-0.5416,-0.992,0.9927
yes,98,-0.4404,0.2244,0.6369,-0.3071,-0.9493,-0.7133,-0.7639,0.5262,0.6007,-0.5859,0.5267,0.2023,0.2023,0.4939,0.296,0.2023,0.25,0.5106,-0.5267,-0.5267,1.0,0.9995,-0.8478,0.9975,0.9998,1.0,1.0,0.9998,-0.4245,0.0,0.9981,1.0,0.8749,0.9997,0.9998,1.0,0.9942,-0.5416,-0.992,0.9927
yes,92,0.3365,-0.4404,0.2244,0.6369,-0.3071,-0.9493,-0.7133,-0.7639,0.5262,0.6007,-0.5859,0.5267,0.2023,0.2023,0.4939,0.296,0.2023,0.25,0.5106,-0.5267,1.0,0.9995,-0.8478,0.9975,0.9998,1.0,1.0,0.9998,-0.4245,0.0,0.9981,1.0,0.8749,0.9997,0.9998,1.0,0.9942,-0.5416,-0.992,0.9927
no,5,0.3284,0.0258,0.0258,0.0258,0.9687,0.0258,0.0258,0.9109,0.0258,0.2263,0.5396,0.0691,0.3182,0.7208,0.9636,0.4019,0.3971,0.3499,0.9116,0.628,0.9915,0.94,0.9997,-0.2732,0.3612,-0.9869,0.9997,0.9994,0.7937,0.9959,0.9996,0.9994,0.6479,-0.5719,-0.998,0.9847,0.7937,-0.9978,-0.952,0.9996
yes,93,0.9485,0.8053,0.3365,-0.4404,0.2244,0.6369,-0.3071,-0.9493,-0.7133,-0.7639,0.5262,0.6007,-0.5859,0.5267,0.2023,0.2023,0.4939,0.296,0.2023,0.25,1.0,0.9995,-0.8478,0.9975,0.9998,1.0,1.0,0.9998,-0.4245,0.0,0.9981,1.0,0.8749,0.9997,0.9998,1.0,0.9942,-0.5416,-0.992,0.4215
no,4,0.0,0.0258,0.0258,0.0258,0.0258,0.0258,0.0258,0.0258,-0.6808,0.0258,0.0258,0.8337,-0.34,0.0258,0.0,0.4215,0.0258,0.3284,0.0258,0.0258,0.9915,0.94,0.9997,-0.2732,0.3612,-0.9869,0.9997,0.9994,0.7937,0.9959,0.9996,0.9994,0.6479,-0.5719,-0.998,0.9847,0.7937,-0.9978,-0.952,0.9996
yes,97,0.9485,0.8053,0.3365,-0.4404,0.2244,0.6369,-0.3071,-0.9493,-0.7133,-0.7639,0.5262,0.6007,-0.5859,0.5267,0.2023,0.2023,0.4939,0.296,0.2023,0.25,1.0,0.9995,-0.8478,0.9975,0.9998,1.0,1.0,0.9998,-0.4245,0.0,0.9981,1.0,0.8749,0.9997,0.9998,1.0,0.9942,-0.5416,-0.992,0.4215
no,2,-0.1709,0.0,0.765,-0.5719,0.4404,0.0,0.0258,0.0258,0.0258,0.0258,0.0258,0.0258,0.0258,-0.6808,0.0258,0.0258,0.8337,-0.34,0.0258,0.0,0.9915,0.94,0.9997,-0.2732,0.3612,-0.9869,0.9997,0.9994,0.7937,0.9959,0.9996,0.9994,0.6479,-0.5719,-0.998,0.9847,0.7937,-0.9978,-0.952,0.9996
yes,98,-0.4019,-0.9493,0.9485,0.8053,0.3365,-0.4404,0.2244,0.6369,-0.3071,-0.9493,-0.7133,-0.7639,0.5262,0.6007,-0.5859,0.5267,0.2023,0.2023,0.4939,0.296,1.0,0.9995,-0.8478,0.9975,0.9998,1.0,1.0,0.9998,-0.4245,0.0,0.9981,1.0,0.8749,0.9997,0.9998,1.0,0.9942,-0.5416,-0.992,0.4215
yes,93,-0.4019,-0.9493,0.9485,0.8053,0.3365,-0.4404,0.2244,0.6369,-0.3071,-0.9493,-0.7133,-0.7639,0.5262,0.6007,-0.5859,0.5267,0.2023,0.2023,0.4939,0.296,1.0,0.9995,-0.8478,0.9975,0.9998,1.0,1.0,0.9998,-0.4245,0.0,0.9981,1.0,0.8749,0.9997,0.9998,1.0,0.9942,-0.5416,-0.992,0.4215
no,3,-0.4019,-0.6249,0.4404,-0.0891,0.0,0.4404,0.0,0.0,0.579,0.0,0.0,0.0,0.6046,-0.743,-0.3788,-0.4767,-0.6597,0.7184,0.0258,-0.9458,0.9959,0.9817,0.9052,1.0,-0.666,0.9716,0.6519,0.9984,-0.9999,1.0,0.0258,0.0,0.9998,-0.9877,-0.9904,-0.9948,-0.7798,0.9275,0.9954
no,3,0.128,-0.4019,0.6591,0.4549,0.0,0.2023,0.0,0.25,0.0,0.0,-0.1511,0.34,0.0,-0.1027,0.3182,0.3182,0.4404,0.9277,0.25,-0.8316,0.9997,0.9974,0.0,0.9999,0.0,0.9991,0.9998,0.0516,0.9989,-0.34,0.9984,0.7959,-0.8431,0.9096,-0.34,0.9939,0.9992,0.9885,0.9565,-0.9983
yes,94,-0.4019,-0.9493,0.9485,0.8053,0.3365,-0.4404,0.2244,0.6369,-0.3071,-0.9493,-0.7133,-0.7639,0.5262,0.6007,-0.5859,0.5267,0.2023,0.2023,0.4939,0.296,1.0,0.9995,-0.8478,0.9975,0.9998,1.0,1.0,0.9998,-0.4245,0.0,0.9981,1.0,0.8749,0.9997,0.9998,1.0,0.9942,-0.5416,-0.992,0.4215
no,3,0.128,-0.4019,0.6591,0.4549,0.0,0.2023,0.0,0.25,0.0,0.0,-0.1511,0.34,0.0,-0.1027,0.3182,0.3182,0.4404,0.9277,0.25,-0.8316,0.9997,0.9974,0.0,0.9999,0.0,0.9991,0.9998,0.0516,0.9989,-0.34,0.9984,0.7959,-0.8431,0.9096,-0.34,0.9939,0.9992,0.9885,0.9565,-0.9983
yes,86,-0.4019,-0.9493,0.9485,0.8053,0.3365,-0.4404,0.2244,0.6369,-0.3071,-0.9493,-0.7133,-0.7639,0.5262,0.6007,-0.5859,0.5267,0.2023,0.2023,0.4939,0.296,1.0,0.9995,-0.8478,0.9975,0.9998,1.0,1.0,0.9998,-0.4245,0.0,0.9981,1.0,0.8749,0.9997,0.9998,1.0,0.9942,-0.5416,-0.992,0.4215
no,7,-0.9607,0.0258,0.0,0.0258,0.0258,0.0258,0.0258,0.0258,0.0258,0.0258,0.0258,0.0258,0.0258,0.7579,0.0258,0.0258,0.0258,0.0258,0.0258,0.9915,0.94,0.9997,-0.2732,0.3612,-0.9869,0.9997,0.9994,0.7937,0.9959,0.9996,0.9994,0.6479,-0.5719,-0.998,0.9847,0.7937,-0.9978,-0.952,0.9996
yes,72,-0.4019,-0.9493,0.9485,0.8053,0.3365,-0.4404,0.2244,0.6369,-0.3071,-0.9493,-0.7133,-0.7639,0.5262,0.6007,-0.5859,0.5267,0.2023,0.2023,0.4939,0.296,1.0,0.9995,-0.8478,0.9975,0.9998,1.0,1.0,0.9998,-0.4245,0.0,0.9981,1.0,0.8749,0.9997,0.9998,1.0,0.9942,-0.5416,-0.992,0.4215
no,27,0.0258,0.0258,-0.1531,0.0258,0.34,0.0258,0.0258,0.0258,0.0258,-0.7281,0.0258,0.0258,0.0258,0.0258,-0.5568,0.0258,0.0258,-0.5173,0.0258,0.0258,0.9915,0.94,0.9997,-0.2732,0.3612,-0.9869,0.9997,0.9994,0.7937,0.9959,0.9996,0.9994,0.6479,-0.5719,-0.998,0.9847,0.7937,-0.9978,-0.952,0.9996
yes,92,-0.4019,-0.9493,0.9485,0.8053,0.3365,-0.4404,0.2244,0.6369,-0.3071,-0.9493,-0.7133,-0.7639,0.5262,0.6007,-0.5859,0.5267,0.2023,0.2023,0.4939,0.296,1.0,0.9995,-0.8478,0.9975,0.9998,1.0,1.0,0.9998,-0.4245,0.0,0.9981,1.0,0.8749,0.9997,0.9998,1.0,0.9942,-0.5416,-0.992,0.4215
no,6,0.0258,0.0258,0.0258,0.0258,0.0258,0.0258,0.0258,0.0258,0.0258,0.0258,-0.5859,0.0258,0.6335,0.0258,0.2023,0.0258,0.0258,0.0258,0.0258,0.0258,0.9915,0.94,0.9997,-0.2732,0.3612,-0.9869,0.9997,0.9994,0.7937,0.9959,0.9996,0.9994,0.6479,-0.5719,-0.998,0.9847,0.7937,-0.9978,-0.952,0.9996
no,23,0.34,0.5994,0.128,-0.4019,0.6591,0.4549,0.0,0.2023,0.0,0.25,0.0,0.0,-0.1511,0.34,0.0,-0.1027,0.3182,0.3182,0.4404,0.9997,0.9974,0.0,0.9999,0.0,0.9991,0.9998,0.0516,0.9989,-0.34,0.9984,0.7959,-0.8431,0.9096,-0.34,0.9939,0.9992,0.9885,0.9565,-0.9983
yes,75,-0.2682,-0.4019,-0.9493,0.9485,0.8053,0.3365,-0.4404,0.2244,0.6369,-0.3071,-0.9493,-0.7133,-0.7639,0.5262,0.6007,-0.5859,0.5267,0.2023,0.2023,0.4939,1.0,0.9995,-0.8478,0.9975,0.9998,1.0,1.0,0.9998,-0.4245,0.0,0.9981,1.0,0.8749,0.9997,0.9998,1.0,0.9942,-0.5416,-0.992,0.4215
yes,86,-0.9393,-0.2682,-0.4019,-0.9493,0.9485,0.8053,0.3365,-0.4404,0.2244,0.6369,-0.3071,-0.9493,-0.7133,-0.7639,0.5262,0.6007,-0.5859,0.5267,0.2023,0.2023,1.0,0.9995,-0.8478,0.9975,0.9998,1.0,1.0,0.9998,-0.4245,0.0,0.9981,1.0,0.8749,0.9997,0.9998,1.0,0.9942,-0.5416,-0.992,0.4215
no,13,0.0258,0.0258,0.0258,0.0258,0.0258,-0.8957,0.0258,0.0258,0.4404,0.0258,0.0258,0.0258,0.0258,0.0258,0.0258,-0.3612,0.0258,-0.8779,0.0258,0.0258,0.9915,0.94,0.9997,-0.2732,0.3612,-0.9869,0.9997,0.9994,0.7937,0.9959,0.9996,0.9994,0.6479,-0.5719,-0.998,0.9847,0.7937,-0.9978,-0.952,0.9996
no,6,-0.9393,-0.2682,-0.4019,-0.9493,0.9485,0.8053,0.3365,-0.4404,0.2244,0.6369,-0.3071,-0.9493,-0.7133,-0.7639,0.5262,0.6007,-0.5859,0.5267,0.2023,0.2023,1.0,0.9995,-0.8478,0.9975,0.9998,1.0,1.0,0.9998,-0.4245,0.0,0.9981,1.0,0.8749,0.9997,0.9998,1.0,0.9942,-0.5416,-0.992,0.4215
no,2,0.0258,0.0258,0.0258,0.0258,0.91,0.0258,0.0258,0.0258,0.0258,0.0258,0.0258,0.0258,0.0258,0.0258,0.8658,0.0258,0.9244,0.0258,0.0258,0.0258,0.9915,0.94,0.9997,-0.2732,0.3612,-0.9869,0.9997,0.9994,0.7937,0.9959,0.9996,0.9994,0.6479,-0.5719,-0.998,0.9847,0.7937,-0.9978,-0.952,0.9996
no,10,0.9801,0.6351,0.9873,0.9201,0.4574,0.7922,0.9419,0.9867,0.9867,0.5927,0.923,0.5411,0.25,0.2478,0.705,-0.2263,0.4588,0.8383,0.636,0.9431,0.9992,0.9994,0.9852,0.9248,0.9999,0.8328,-0.9996,0.9618,0.9999,0.9951,0.9998,0.9989,0.9999,-0.9994,-0.9999,0.9999,1.0,0.9904,0.9257,1.0
no,75,0.3182,0.9621,-0.1779,0.7983,0.6696,0.9741,-0.8176,0.4199,-0.7777,0.8109,0.8271,0.128,0.5707,-0.3182,0.4767,-0.9337,-0.6705,-0.0516,-0.1511,0.9996,0.9994,0.9996,0.9998,0.9996,0.9964,0.9994,0.9803,-0.9994,-0.9353,-0.9275,0.9984,-0.6435,0.9992,0.9596,0.9365,-0.9852,0.9984,0.9997,-0.9971
yes,4,-0.2144,-0.5482,-0.4019,0.1865,0.1027,0.7674,0.8503,0.5106,0.2023,0.2382,0.1668,-0.7964,-0.4733,-0.4019,0.4939,-0.4019,-0.7902,0.7632,0.9996,1.0,0.9774,-0.9629,-0.8192,0.9964,-0.9907,0.836,-0.8836,-0.8132,0.9984,0.9997,0.9977,0.9995,0.9992,0.9998,0.9963,-0.9855,0.9984,0.8166
yes,4,0.0258,0.7065,0.0258,0.0258,0.0258,0.0258,0.0,0.0258,0.0258,0.296,-0.481,0.0258,0.0258,0.0258,-0.296,0.0258,0.0258,-0.34,0.0258,0.0258,0.9915,0.94,0.9997,-0.2732,0.3612,-0.9869,0.9997,0.9994,0.7937,0.9959,0.9996,0.9994,0.6479,-0.5719,-0.998,0.9847,0.7937,-0.9978,-0.952,0.9996
no,90,-0.7788,-0.4019,-0.2144,-0.5482,-0.4019,0.1865,0.1027,0.7674,0.8503,0.5106,0.2023,0.2382,0.1668,-0.7964,-0.4733,-0.4019,0.4939,-0.4019,0.9996,1.0,0.9774,-0.9629,-0.8192,0.9964,-0.9907,0.836,-0.8836,-0.8132,0.9984,0.9997,0.9977,0.9995,0.9992,0.9998,0.9963,-0.9855,0.9984,0.8166
no,5,0.0,0.3919,0.9049,0.7391,0.3103,0.3182,0.9621,-0.1779,0.7983,0.6696,0.9741,-0.8176,0.4199,-0.7777,0.8109,0.8271,0.128,0.5707,-0.3182,0.9996,0.9994,0.9996,0.9998,0.9996,0.9964,0.9994,0.9803,-0.9994,-0.9353,-0.9275,0.9984,-0.6435,0.9992,0.9596,0.9365,-0.9852,0.9984,0.9997,-0.9971
no,5,0.9314,0.9114,-0.0516,-0.7788,-0.4019,-0.2144,-0.5482,-0.4019,0.1865,0.1027,0.7674,0.8503,0.5106,0.2023,0.2382,0.1668,-0.7964,-0.4733,0.9996,1.0,0.9774,-0.9629,-0.8192,0.9964,-0.9907,0.836,-0.8836,-0.8132,0.9984,0.9997,0.9977,0.9995,0.9992,0.9998,0.9963,-0.9855,0.9984,0.8166
no,5,0.8957,-0.8594,0.2264,-0.0516,-0.4404,0.0,0.3919,0.9049,0.7391,0.3103,0.3182,0.9621,-0.1779,0.7983,0.6696,0.9741,-0.8176,0.4199,-0.7777,0.9996,0.9994,0.9996,0.9998,0.9996,0.9964,0.9994,0.9803,-0.9994,-0.9353,-0.9275,0.9984,-0.6435,0.9992,0.9596,0.9365,-0.9852,0.9984,0.9997,-0.9971
yes,63,0.0258,0.0258,0.0258,0.0258,0.0258,0.0258,0.0258,0.0258,0.0258,0.7906,0.0258,0.0258,0.0258,0.0258,0.5423,0.0258,0.0258,0.7065,0.0258,0.0258,-0.1039,0.9915,0.94,0.9997,-0.2732,0.3612,-0.9869,0.9997,0.9994,0.7937,0.9959,0.9996,0.9994,0.6479,-0.5719,-0.998,0.9847,0.7937,-0.9978,-0.952
no,13,0.2363,0.91,0.8825,0.9455,0.0,-0.4497,0.0,0.4215,-0.7964,0.7339,0.0,0.5574,0.8779,0.3612,0.8999,0.9559,0.7964,0.0,0.5859,0.0,0.9992,0.9994,0.9852,0.9248,0.9999,0.8328,-0.9996,0.9618,0.9999,0.9951,0.9998,0.9989,0.9999,-0.9994,-0.9999,0.9999,1.0,0.9904,0.9257,1.0
yes,74,-0.7579,0.0258,0.0258,0.0258,0.0258,0.0258,0.0258,0.0258,0.0258,0.0258,0.0258,0.0258,0.0258,0.0258,0.0258,0.0258,0.0258,0.0258,0.0258,0.7906,-0.1039,0.9915,0.94,0.9997,-0.2732,0.3612,-0.9869,0.9997,0.9994,0.7937,0.9959,0.9996,0.9994,0.6479,-0.5719,-0.998,0.9847,0.7937,-0.9978,-0.952
no,5,-0.5849,-0.25,-0.882,0.6199,0.3818,0.196,0.7713,-0.1143,0.0,0.87,0.8555,-0.8316,0.0,0.7346,0.5994,0.2363,0.91,0.8825,0.9455,0.9992,0.9994,0.9852,0.9248,0.9999,0.8328,-0.9996,0.9618,0.9999,0.9951,0.9998,0.9989,0.9999,-0.9994,-0.9999,0.9999,1.0,0.9904,0.9257,1.0
no,18,-0.8448,0.8479,0.8459,-0.5994,0.7456,0.8251,0.0,0.6369,0.8825,0.5423,0.717,0.9217,0.0,0.0,0.3612,0.7065,0.6633,0.872,0.6422,0.9846,0.6625,0.9972,0.993,0.0258,0.9988,0.9508,1.0,0.9928,-0.2263,-0.0516,0.9962,-0.9962,0.9971,0.9828,0.9807,0.9966,0.9978,-0.6597,0.0,0.9782
no,3,0.7351,-0.9469,0.3034,-0.702,0.0243,-0.1638,0.7176,-0.2755,-0.0258,-0.4601,0.1506,0.8176,-0.8448,0.8479,0.1255,0.4497,0.7711,-0.2755,0.6178,0.9292,1.0,1.0,0.9994,0.9964,0.9977,0.631,0.7466,0.9914,0.9962,0.7466,0.9992,0.9981,0.9952,-0.9967,-0.1039,0.9989,-0.9964,0.9856,0.94,0.9285
yes,89,-0.7579,0.0258,0.0258,0.0258,0.0258,0.0258,0.0258,0.0258,0.0258,0.0258,0.0258,0.0258,0.0258,0.0258,0.0258,0.0258,0.0258,0.0258,0.0258,0.7906,-0.1039,0.9915,0.94,0.9997,-0.2732,0.3612,-0.9869,0.9997,0.9994,0.7937,0.9959,0.9996,0.9994,0.6479,-0.5719,-0.998,0.9847,0.7937,-0.9978,-0.952
no,2,0.0,0.34,-0.5573,0.6597,-0.8448,0.8479,0.8459,-0.5994,0.7456,0.8251,0.0,0.6369,0.8825,0.5423,0.717,0.9217,0.0,0.0,0.3612,0.6625,0.9972,0.993,0.0258,0.9988,0.9508,0.3612,1.0,0.9928,-0.2263,-0.0516,0.9962,-0.9962,0.9971,0.9828,-0.1536,0.9807,0.9966,0.9978,0.7332
no,3,0.0,0.3612,0.3612,0.3612,0.3612,0.3612,0.3612,0.3612,0.3612,0.3612,-0.3612,0.3612,0.3612,0.3612,0.3612,0.3612,0.3612,0.3612,0.3612,0.3612,0.9745,1.0,-0.9994,0.8604,-0.3597,0.9992,-0.9999,0.9998,-0.9942,0.9998,0.9913,0.9894,0.9766,-0.9999,-0.7449,-0.8193,1.0,0.9975,0.0,0.87
yes,60,-0.4215,0.7885,-0.7579,0.0258,0.0258,0.0258,0.0258,0.0258,0.0258,0.0258,0.0258,0.0258,0.0258,0.0258,0.0258,0.0258,0.0258,0.0258,0.0258,0.0258,-0.1039,0.9915,0.94,0.9997,-0.2732,0.3612,-0.9869,0.9997,0.9994,0.7937,0.9959,0.9996,0.9994,0.6479,-0.5719,-0.998,0.9847,0.7937,-0.9978,-0.952
no,36,0.0,0.128,-0.32,0.4588,0.4404,0.0,0.7885,0.0,0.34,-0.5573,0.6597,-0.8448,0.8479,0.8459,-0.5994,0.7456,0.8251,0.0,0.6369,0.6625,0.9972,0.993,0.0258,0.9988,0.9508,0.3612,1.0,0.9928,-0.2263,-0.0516,0.9962,-0.9962,0.9971,0.9828,-0.1536,0.9807,0.9966,0.9978,0.7332
no,2,0.1511,0.5515,-0.724,0.0,0.6491,0.0,-0.802,0.871,0.4215,0.8316,-0.4404,0.0,0.4019,0.5313,0.0,0.3382,-0.128,0.836,0.4215,0.802,0.0,0.9946,0.802,0.7807,0.0,0.5106,0.9673,0.9998,0.9312,0.1779,0.3788,0.0,-0.296,0.7811,0.9415,-0.6234,-0.9962,-0.9394,0.0
no,26,0.1779,0.3612,-0.1882,-0.4215,0.7885,-0.7579,0.0258,0.0258,0.0258,0.0258,0.0258,0.0258,0.0258,0.0258,0.0258,0.0258,0.0258,0.0258,0.0258,0.0258,-0.1039,0.9915,0.94,0.9997,-0.2732,0.3612,-0.9869,0.9997,0.9994,0.7937,0.9959,0.9996,0.9994,0.6479,-0.5719,-0.998,0.9847,0.7937,-0.9978,-0.952
yes,59,0.296,0.8522,0.6015,0.043,0.9449,0.0,0.128,-0.32,0.4588,0.4404,0.0,0.7885,0.0,0.34,-0.5573,0.6597,-0.8448,0.8479,0.8459,0.6625,0.9972,0.993,0.0258,0.9988,0.9508,0.3612,1.0,0.9928,-0.2263,-0.0516,0.9962,-0.9962,0.9971,0.9828,-0.1536,0.9807,0.9966,0.9978,0.7332
no,3,-0.5859,0.5267,0.1779,0.3612,-0.1882,-0.4215,0.7885,-0.7579,0.0258,0.0258,0.0258,0.0258,0.0258,0.0258,0.0258,0.0258,0.0258,0.0258,0.0258,0.0258,-0.1039,0.9915,0.94,0.9997,-0.2732,0.3612,-0.9869,0.9997,0.9994,0.7937,0.9959,0.9996,0.9994,0.6479,-0.5719,-0.998,0.9847,0.7937,-0.9978,-0.952
yes,9,-0.8219,0.5411,0.0,0.5574,-0.0,0.905,-0.2263,0.0,0.7003,0.7318,0.8271,0.7262,-0.5106,0.1511,0.6696,0.4767,0.2481,0.3164,0.1027,0.5207,0.802,0.0,0.9946,0.0,0.802,0.7807,0.0,0.5106,0.9673,0.9998,0.9312,0.1779,0.3788,0.0,-0.296,0.7811,0.9415,-0.6234,-0.9962,-0.9394
no,87,-0.25,0.0,-0.891,0.4767,0.5994,0.2023,0.296,0.8522,0.6015,0.043,0.9449,0.0,0.128,-0.32,0.4588,0.4404,0.0,0.7885,0.0,0.34,0.6625,0.9972,0.993,0.0258,0.9988,0.9508,0.3612,1.0,0.9928,-0.2263,-0.0516,0.9962,-0.9962,0.9971,0.9828,-0.1536,0.9807,0.9966,0.9978,0.7332
no,30,-0.908,0.8052,0.0772,0.0,0.0,0.0,0.0,0.0,0.8201,-0.1531,-0.6581,0.5994,-0.9509,0.9285,0.0,-0.5106,0.5672,-0.8219,0.5411,0.0,0.802,0.0,0.9946,0.0,0.802,0.7807,0.0,0.5106,0.9673,0.9998,0.9312,0.1779,0.3788,0.0,-0.296,0.7811,0.9415,-0.6234,-0.9962,-0.9394
no,2,0.8687,-0.7184,-0.5859,0.5267,0.1779,0.3612,-0.1882,-0.4215,0.7885,-0.7579,0.0258,0.0258,0.0258,0.0258,0.0258,0.0258,0.0258,0.0258,0.0258,0.0258,-0.1039,0.9915,0.94,0.9997,-0.2732,0.3612,-0.9869,0.9997,0.9994,0.7937,0.9959,0.9996,0.9994,0.6479,-0.5719,-0.998,0.9847,0.7937,-0.9978,-0.952
yes,59,0.6369,0.0,0.886,-0.6486,-0.25,0.0,-0.891,0.4767,0.5994,0.2023,0.296,0.8522,0.6015,0.043,0.9449,0.0,0.128,-0.32,0.4588,0.4404,0.6625,0.9972,0.993,0.0258,0.9988,0.9508,0.3612,1.0,0.9928,-0.2263,-0.0516,0.9962,-0.9962,0.9971,0.9828,-0.1536,0.9807,0.0,0.9966,0.9978
no,4,0.9231,0.7777,-0.7652,0.8977,0.0,0.3612,0.3612,0.3612,0.3612,0.3612,0.3612,0.3612,0.3612,0.3612,-0.3612,0.3612,0.3612,0.3612,0.3612,0.3612,0.9745,1.0,-0.9994,0.8604,-0.3597,0.9992,-0.9999,0.9998,-0.9942,0.9998,0.9913,0.9894,0.9766,-0.9999,-0.7449,-0.8193,1.0,0.9975,0.0,0.87
no,2,0.1779,0.6124,-0.4199,-0.3384,0.6369,0.8625,-0.0258,-0.1406,-0.908,0.8052,0.0772,0.0,0.0,0.0,0.0,0.0,0.8201,-0.1531,-0.6581,0.5994,0.802,0.0,0.9946,0.0,0.802,0.7807,0.0,0.5106,0.9673,0.9998,0.9312,0.1779,0.3788,0.0,-0.296,0.7811,0.9415,-0.6234,-0.9962,-0.9394
yes,83,0.4019,0.4404,0.6486,0.8906,0.2023,-0.34,0.5788,0.0,0.6369,0.0,0.886,-0.6486,-0.25,0.0,-0.891,0.4767,0.5994,0.2023,0.296,0.6625,0.9972,0.993,0.0258,0.9988,0.9508,0.3612,1.0,0.9928,-0.2263,-0.0516,0.9962,-0.9962,0.9971,0.9828,-0.1536,0.9807,0.0,0.9966,0.9978
no,5,0.3612,0.4019,-0.683,0.4404,-0.3736,-0.0798,-0.2755,-0.8383,0.4195,0.5573,0.6249,0.937,0.9217,0.7021,-0.7937,0.5615,0.7306,0.6239,0.6798,0.9254,1.0,1.0,0.9994,0.9964,0.9977,0.631,0.7466,0.9914,0.9962,0.7466,0.9992,0.9981,0.9952,-0.9967,-0.1039,0.9989,-0.9964,0.9856,0.94,0.9285
no,3,0.4019,0.6928,0.0,0.4939,0.9034,-0.7896,0.0,0.0,0.7777,0.5859,-0.3818,0.0772,0.7885,0.25,-0.95,0.9403,0.8978,0.6083,0.7959,-0.2551,0.9994,0.9997,1.0,0.9984,0.9984,-0.9966,0.9998,0.9997,0.9998,0.9998,-0.9834,-1.0,-0.7722,0.9994,0.9978,0.0,0.9998,0.9991,0.9929,0.9995
no,10,0.4019,0.4404,0.6486,0.8906,0.2023,-0.34,0.5788,0.0,0.6369,0.0,0.886,-0.6486,-0.25,0.0,-0.891,0.4767,0.5994,0.2023,0.296,0.6625,0.9972,0.993,0.0258,0.9988,0.9508,0.3612,1.0,-0.34,0.9928,-0.2263,-0.0516,0.9962,-0.9962,0.9971,0.9828,-0.1536,0.9807,0.0,0.9966
yes,87,0.1002,0.9526,-0.3632,-0.2755,0.296,-0.3045,-0.2755,-0.5362,0.457,0.049,0.9152,0.7003,0.3612,0.4019,-0.683,0.4404,-0.3736,-0.0798,-0.2755,-0.8383,1.0,1.0,0.9994,0.9964,0.9977,0.631,0.7466,0.9914,0.9962,0.7466,0.9992,0.9981,0.9952,-0.9967,-0.1039,0.9989,-0.9964,0.9856,0.94,0.9285
no,6,0.8588,0.296,-0.6571,0.1007,0.7184,0.0,-0.3365,-0.4779,0.4588,0.0,0.0,0.4588,0.4588,0.7351,0.7371,0.4019,0.4404,0.6486,0.8906,0.6625,0.9972,0.993,0.0258,0.9988,0.9508,0.3612,1.0,-0.34,0.9928,-0.2263,-0.0516,0.9962,-0.9962,0.9971,0.9828,-0.1536,0.9807,0.0,0.9966
yes,94,-0.3421,0.5007,0.6588,0.4931,-0.395,0.3612,0.7311,0.4386,-0.5457,0.6124,-0.6619,0.1116,0.9287,-0.2755,-0.033,-0.1556,0.8316,-0.7193,0.0232,0.1002,1.0,1.0,0.9994,0.9964,0.9977,0.631,0.7466,0.9914,0.9962,0.7466,0.9992,0.9981,0.9952,-0.9967,-0.1039,0.9989,-0.9964,0.9856,0.94,0.9285
yes,81,0.1027,0.0,0.8588,0.296,-0.6571,0.1007,0.7184,0.0,-0.3365,-0.4779,0.4588,0.0,0.0,0.4588,0.4588,0.7351,0.7371,0.4019,0.4404,0.6625,0.9972,0.993,0.0258,0.9988,0.9508,0.3612,1.0,-0.34,0.9928,-0.2263,-0.0516,0.9962,-0.9962,0.9971,0.9828,-0.1536,0.9807,0.0,0.9966
no,14,0.1999,0.0802,0.0,0.9358,0.9523,0.6798,0.909,-0.4497,0.234,0.4909,0.7236,0.2335,0.8685,-0.5267,0.4939,-0.6726,-0.3839,0.8705,1.0,1.0,0.9994,0.9964,0.9977,0.631,0.7466,0.9914,0.9962,0.7466,0.9992,0.9981,0.9952,-0.9967,-0.1039,0.9989,-0.9964,0.9856,0.94,0.9285
yes,97,0.0,0.4404,0.4215,-0.6478,0.8357,0.0772,0.0,0.1027,0.0,0.8588,0.296,-0.6571,0.1007,0.7184,0.0,-0.3365,-0.4779,0.4588,0.0,0.0,0.6625,0.9972,0.993,0.0258,0.9988,0.9508,0.3612,1.0,-0.34,0.9928,-0.2263,-0.0516,0.9962,-0.9962,0.9971,0.9828,-0.1536,0.9807,0.0,0.9966
yes,62,0.2714,0.7418,0.9725,0.0,0.7208,0.0,0.4404,0.4215,-0.6478,0.8357,0.0772,0.0,0.1027,0.0,0.8588,0.296,-0.6571,0.1007,0.7184,0.0,0.6625,0.9972,0.993,0.0258,0.9988,0.9508,0.3612,1.0,-0.34,0.9928,-0.2263,-0.0516,0.9962,-0.9962,0.9971,0.9828,-0.1536,0.9807,0.0,0.9966
no,25,0.3732,-0.8979,0.1027,0.7065,-0.0516,0.4767,0.5267,0.296,0.9507,0.9167,-0.6369,-0.7876,-0.6486,0.4404,0.5423,-0.9849,0.985,-0.34,0.9984,0.0,0.9382,-0.9894,0.9998,0.9795,0.9998,0.0,0.9823,0.0,0.9969,0.0,0.9747,0.0,-0.9995,0.0,0.0
no,13,0.2967,0.8271,-0.4767,0.0,-0.1725,0.4052,0.0,-0.1844,0.2124,-0.7845,-0.8347,0.4767,0.6037,0.7003,0.484,0.886,0.8591,0.3612,0.7077,0.9997,0.9994,0.9996,0.9994,0.9988,0.9913,-0.9722,0.5255,0.999,0.0,0.9998,0.5696,0.9996,-0.9246,0.9773,-0.9974,0.9994,0.9985,0.9995,0.9913
no,2,0.7865,0.9997,0.9959,0.9996,0.9994,0.0,0.9996,0.9052,0.9862,1.0,0.9993,0.9998,-0.9629,0.9774,1.0,0.9716,0.9833,0.992,0.0,0.9996,0.9964
yes,95,0.1134,0.296,0.8086,0.2714,0.7418,0.9725,0.0,0.7208,0.0,0.4404,0.4215,-0.6478,0.8357,0.0772,0.0,0.1027,0.0,0.8588,0.296,-0.6571,0.6625,0.9972,0.993,0.0258,0.9988,0.9508,0.3612,1.0,-0.34,0.9928,-0.2263,-0.0516,0.9962,-0.9962,0.9971,0.9828,-0.1536,0.9807,0.0,0.9966
no,3,0.2967,0.8271,-0.4767,0.0,-0.1725,0.4052,0.0,-0.1844,0.2124,-0.7845,-0.8347,0.4767,0.6037,0.7003,0.484,0.886,0.8591,0.3612,0.7077,0.9997,0.9994,0.9996,0.9994,0.9988,0.9913,-0.9722,0.5255,0.999,0.0,0.9998,0.5696,0.9996,-0.9246,0.9773,-0.9974,0.9994,0.9985,0.9995,0.9913
yes,98,0.4588,0.5267,0.4399,0.4215,0.1134,0.296,0.8086,0.2714,0.7418,0.9725,0.0,0.7208,0.0,0.4404,0.4215,-0.6478,0.8357,0.0772,0.0,0.1027,0.6625,0.9972,0.993,0.0258,0.9988,0.9508,0.3612,1.0,-0.34,0.9928,-0.2263,-0.0516,0.9962,-0.9962,0.9971,0.9828,-0.1536,0.9807,0.0,0.9966
yes,98,0.4588,0.5267,0.4399,0.4215,0.1134,0.296,0.8086,0.2714,0.7418,0.9725,0.0,0.7208,0.0,0.4404,0.4215,-0.6478,0.8357,0.0772,0.0,0.1027,0.6625,0.9972,0.993,0.0258,0.9988,0.9508,0.3612,1.0,-0.34,0.9928,-0.2263,-0.0516,0.9962,-0.9962,0.9971,0.9828,-0.1536,0.9807,0.0,0.9966
yes,99,0.8429,0.0,0.4588,0.5267,0.4399,0.4215,0.1134,0.296,0.8086,0.2714,0.7418,0.9725,0.0,0.7208,0.0,0.4404,0.4215,-0.6478,0.8357,0.0772,0.6625,0.9972,0.993,0.0258,0.9988,0.9508,0.3612,1.0,-0.34,0.9928,-0.2263,-0.0516,0.9962,-0.9962,0.9971,0.9828,-0.1536,0.9807,0.0,0.9966
yes,99,-0.5423,0.8429,0.0,0.4588,0.5267,0.4399,0.4215,0.1134,0.296,0.8086,0.2714,0.7418,0.9725,0.0,0.7208,0.0,0.4404,0.4215,-0.6478,0.8357,0.6625,0.9972,0.993,0.0258,0.9988,0.9508,0.3612,1.0,-0.34,0.9928,-0.2263,-0.0516,0.9962,-0.9962,0.9971,0.9828,-0.1536,0.9807,0.0,0.9966
yes,99,0.4588,-0.5423,0.8429,0.0,0.4588,0.5267,0.4399,0.4215,0.1134,0.296,0.8086,0.2714,0.7418,0.9725,0.0,0.7208,0.0,0.4404,0.4215,-0.6478,0.6625,0.9972,0.993,0.0258,0.9988,0.9508,0.3612,1.0,-0.34,0.9928,-0.2263,-0.0516,0.9962,-0.9962,0.9971,0.9828,-0.1536,0.9807,0.0,0.9966
yes,91,-0.5423,0.4295,0.1531,0.4588,-0.5423,0.8429,0.0,0.4588,0.5267,0.4399,0.4215,0.1134,0.296,0.8086,0.2714,0.7418,0.9725,0.0,0.7208,0.0,0.6625,0.9972,0.993,0.0258,0.9988,0.9508,0.3612,1.0,-0.34,0.9928,-0.2263,-0.0516,0.9962,-0.9962,0.9971,0.9828,-0.1536,0.9807,0.0,0.9966
yes,99,0.0,0.8519,0.0,0.3328,0.8316,0.5106,-0.5423,0.4295,0.1531,0.4588,-0.5423,0.8429,0.0,0.4588,0.5267,0.4399,0.4215,0.1134,0.296,0.8086,0.6625,0.9972,0.993,0.0258,0.9988,0.9508,0.3612,1.0,-0.34,0.9928,-0.2263,-0.0516,0.9962,-0.9962,0.9971,0.9828,-0.1536,0.9807,0.0,0.9966
yes,98,0.555,0.8973,-0.5093,0.0,0.8519,0.0,0.3328,0.8316,0.5106,-0.5423,0.4295,0.1531,0.4588,-0.5423,0.8429,0.0,0.4588,0.5267,0.4399,0.4215,0.6625,0.9972,0.993,0.0258,0.9988,0.9508,0.3612,1.0,-0.34,0.9928,-0.2263,-0.0516,0.9962,-0.9962,0.9971,0.9828,-0.1536,0.9807,0.0,0.9966
yes,99,0.4019,0.555,0.8973,-0.5093,0.0,0.8519,0.0,0.3328,0.8316,0.5106,-0.5423,0.4295,0.1531,0.4588,-0.5423,0.8429,0.0,0.4588,0.5267,0.4399,0.6625,0.9972,0.993,0.0258,0.9988,0.9508,0.3612,1.0,-0.34,0.9928,-0.2263,-0.0516,0.9962,-0.9962,0.9971,0.9828,-0.1536,0.9807,0.0,0.9966
yes,99,0.6369,-0.5859,0.6103,-0.2263,0.0,0.296,0.2023,0.1511,0.4019,0.555,0.8973,-0.5093,0.0,0.8519,0.0,0.3328,0.8316,0.5106,-0.5423,0.4295,0.6625,0.9972,0.993,0.0258,0.9988,0.9508,0.3612,1.0,-0.34,0.9928,-0.2263,-0.0516,0.9962,-0.9962,0.9971,0.9828,-0.1536,0.9807,0.0,0.9966
yes,99,0.7387,0.5267,0.0258,0.4588,0.6369,-0.5859,0.6103,-0.2263,0.0,0.296,0.2023,0.1511,0.4019,0.555,0.8973,-0.5093,0.0,0.8519,0.0,0.3328,0.6625,0.9972,0.993,0.0258,0.9988,0.9508,0.3612,1.0,-0.34,0.9928,-0.2263,-0.0516,0.9962,-0.9962,0.9971,0.9828,-0.1536,0.9807,0.0,0.9966
yes,99,-0.4106,0.9236,0.7387,0.5267,0.0258,0.4588,0.6369,-0.5859,0.6103,-0.2263,0.0,0.296,0.2023,0.1511,0.4019,0.555,0.8973,-0.5093,0.0,0.8519,0.6625,0.9972,0.993,0.0258,0.9988,0.9508,0.3612,1.0,-0.34,0.9928,-0.2263,-0.0516,0.9962,-0.9962,0.9971,0.9828,-0.1536,0.9807,0.0,0.9966
yes,99,-0.3612,-0.4106,0.9236,0.7387,0.5267,0.0258,0.4588,0.6369,-0.5859,0.6103,-0.2263,0.0,0.296,0.2023,0.1511,0.4019,0.555,0.8973,-0.5093,0.0,0.6625,0.9972,0.993,0.0258,0.9988,0.9508,0.3612,1.0,-0.34,0.9928,-0.2263,-0.0516,0.9962,-0.9962,0.9971,0.9828,-0.1536,0.9807,0.0,0.9966
yes,99,-0.6007,0.6562,-0.3612,-0.4106,0.9236,0.7387,0.5267,0.0258,0.4588,0.6369,-0.5859,0.6103,-0.2263,0.0,0.296,0.2023,0.1511,0.4019,0.555,0.8973,0.6625,0.9972,0.993,0.0258,0.9988,0.9508,0.3612,1.0,-0.34,0.9928,-0.2263,-0.0516,0.9962,-0.9962,0.9971,0.9828,-0.1536,0.9807,0.0,0.9966
yes,99,0.9251,0.5106,-0.6007,0.6562,-0.3612,-0.4106,0.9236,0.7387,0.5267,0.0258,0.4588,0.6369,-0.5859,0.6103,-0.2263,0.0,0.296,0.2023,0.1511,0.4019,0.6625,0.9972,0.993,0.0258,0.9988,0.9508,0.3612,1.0,-0.34,0.9928,-0.2263,-0.0516,0.9962,-0.9962,0.9971,0.9828,-0.1536,0.9807,0.0,0.9966
yes,99,0.6436,0.0,0.9251,0.5106,-0.6007,0.6562,-0.3612,-0.4106,0.9236,0.7387,0.5267,0.0258,0.4588,0.6369,-0.5859,0.6103,-0.2263,0.0,0.296,0.2023,0.6625,0.9972,0.993,0.0258,0.9988,0.9508,0.3612,1.0,-0.34,0.9928,-0.2263,-0.0516,0.9962,-0.9962,0.9971,0.9828,-0.1536,0.9807,0.0,0.9966
yes,99,0.7096,0.34,0.5106,0.0,-0.7799,0.2023,-0.3695,0.6436,0.0,0.9251,0.5106,-0.6007,0.6562,-0.3612,-0.4106,0.9236,0.7387,0.5267,0.0258,0.4588,0.6625,0.9972,0.993,0.0258,0.9988,0.9508,0.3612,1.0,-0.34,0.9928,-0.2263,-0.0516,0.9962,-0.9962,0.9971,0.9828,-0.1536,0.9807,0.0,0.9966
yes,99,-0.4215,0.7777,0.7096,0.34,0.5106,0.0,-0.7799,0.2023,-0.3695,0.6436,0.0,0.9251,0.5106,-0.6007,0.6562,-0.3612,-0.4106,0.9236,0.7387,0.5267,0.6625,0.9972,0.993,0.0258,0.9988,0.9508,0.3612,1.0,-0.34,0.9928,-0.2263,-0.0516,0.9962,-0.9962,0.9971,0.9828,-0.1536,0.9807,0.0,0.9966
yes,98,0.5093,-0.3637,0.7845,0.0,-0.4215,0.7777,0.7096,0.34,0.5106,0.0,-0.7799,0.2023,-0.3695,0.6436,0.0,0.9251,0.5106,-0.6007,0.6562,-0.3612,0.6625,0.9972,0.993,0.0258,0.9988,0.9508,0.3612,1.0,-0.34,0.9928,-0.2263,-0.0516,0.9962,-0.9962,0.9971,0.9828,-0.1536,0.9807,0.0,0.9966
yes,79,0.8932,0.6239,0.2023,0.0,0.5093,-0.3637,0.7845,0.0,-0.4215,0.7777,0.7096,0.34,0.5106,0.0,-0.7799,0.2023,-0.3695,0.6436,0.0,0.9251,0.6625,0.9972,0.993,0.0258,0.9988,0.9508,0.3612,1.0,-0.34,0.9928,-0.2263,-0.0516,0.9962,-0.9962,0.9971,0.9828,-0.1536,0.9807,0.0,0.9966
no,12,-0.34,0.2023,0.1581,-0.5632,0.0,0.5474,0.2023,0.7568,0.7646,-0.34,-0.5267,0.7243,0.9672,0.402,-0.128,0.789,0.891,0.4767,0.4299,-0.1039,0.9915,0.94,0.9997,-0.2732,0.3612,-0.9869,0.9997,0.9994,0.7937,0.9959,0.9996,0.9994,0.6479,-0.5719,-0.998,0.9847,0.7937,-0.9978,-0.952
no,2,0.0,-0.5267,0.9651,0.7506,-0.3612,0.8881,0.5719,0.3649,0.0,0.0,-0.1027,0.8519,-0.5053,-0.3215,0.7835,0.7958,-0.5267,0.8144,0.128,0.2023,0.9517,-0.9902,-0.9999,-0.9912,0.9996,-0.9828,0.9491,-0.9994,0.972,0.9616,0.9963,-0.9959,1.0,0.9999,0.9928,-0.995,-0.9999,0.9988,-0.9983,0.9794
no,4,0.7717,0.0,-0.6885,0.8881,-0.93,0.0,-0.6705,0.9691,0.9001,0.3612,0.9042,0.3616,0.6705,-0.5267,0.9432,0.6114,0.4857,0.1406,0.8864,0.9022,-0.296,-0.4404,0.0,-0.4215,0.0,1.0,-0.9967,0.0,0.9997,0.8126,-0.4215,0.9997,0.9981,-0.9894,-0.924,-0.296,0.0,-0.9518,0.935,0.9999
yes,98,0.8932,0.6239,0.2023,0.0,0.5093,-0.3637,0.7845,0.0,-0.4215,0.7777,0.7096,0.34,0.5106,0.0,-0.7799,0.2023,-0.3695,0.6436,0.0,0.9251,0.6625,0.9972,0.993,0.0258,0.9988,0.9508,0.3612,1.0,-0.34,0.9928,-0.2263,-0.0516,0.9962,-0.9962,0.9971,0.9828,-0.1536,0.9807,0.0,0.9966
yes,99,0.1943,0.0018,0.6696,0.8932,0.6239,0.2023,0.0,0.5093,-0.3637,0.7845,0.0,-0.4215,0.7777,0.7096,0.34,0.5106,0.0,-0.7799,0.2023,-0.3695,0.6625,0.9972,0.993,0.0258,0.9988,0.9508,0.3612,1.0,-0.34,0.9928,-0.2263,-0.0516,0.9962,-0.9962,0.9971,0.9828,-0.1536,0.9807,0.0,0.9966
yes,99,0.5719,0.1943,0.0018,0.6696,0.8932,0.6239,0.2023,0.0,0.5093,-0.3637,0.7845,0.0,-0.4215,0.7777,0.7096,0.34,0.5106,0.0,-0.7799,0.2023,0.6625,0.9972,0.993,0.0258,0.9988,0.9508,0.3612,1.0,-0.34,0.9928,-0.2263,-0.0516,0.9962,-0.9962,0.9971,0.9828,-0.1536,0.9807,0.0,0.9966
yes,95,-0.9493,0.2023,0.5719,0.1943,0.0018,0.6696,0.8932,0.6239,0.2023,0.0,0.5093,-0.3637,0.7845,0.0,-0.4215,0.7777,0.7096,0.34,0.5106,0.0,0.6625,0.9972,0.993,0.0258,0.9988,0.9508,0.3612,1.0,-0.34,0.9928,-0.2263,-0.0516,0.9962,-0.9962,0.9971,0.9828,-0.1536,0.9807,0.0,0.9966
no,2,-0.5719,-0.1779,-0.886,-0.5106,0.0,-0.6282,0.8847,0.4786,0.2023,-0.1531,0.7544,0.0,-0.5574,-0.0717,0.0,0.1172,-0.5499,0.5423,0.0,-0.7845,1.0,-0.8451,0.9984,-0.4767,0.9997,0.9983,0.9998,-0.9855,-0.9986,0.9398,0.9929,0.9992,0.9762,0.9999,0.9438,0.9929,0.7964,1.0,-0.9984,0.984
yes,99,0.2732,0.9001,-0.9493,0.2023,0.5719,0.1943,0.0018,0.6696,0.8932,0.6239,0.2023,0.0,0.5093,-0.3637,0.7845,0.0,-0.4215,0.7777,0.7096,0.34,0.6625,0.9972,0.993,0.0258,0.9988,0.9508,0.3612,1.0,-0.34,0.9928,-0.2263,-0.0516,0.9962,-0.9962,0.9971,0.9828,-0.1536,0.9807,0.0,0.9966
no,12,-0.553,-0.2003,0.549,0.2698,0.7157,-0.9432,-0.4215,-0.5267,-0.1779,0.1119,0.1027,-0.1779,-0.7165,0.75,0.7959,0.7959,0.7959,0.7959,0.7959,0.7959,1.0,-0.8451,0.9984,-0.4767,0.9997,0.9983,0.9998,-0.9855,-0.9986,0.9398,0.9929,0.9992,0.9762,0.9999,0.9438,0.9929,0.7964,1.0,-0.9984,0.984
yes,80,0.8951,0.2732,0.9001,-0.9493,0.2023,0.5719,0.1943,0.0018,0.6696,0.8932,0.6239,0.2023,0.0,0.5093,-0.3637,0.7845,0.0,-0.4215,0.7777,0.7096,0.6625,0.9972,0.993,0.0258,0.9988,0.9508,0.3612,1.0,-0.34,0.9928,-0.2263,-0.0516,0.9962,-0.9962,0.9971,0.9828,-0.1536,0.9807,0.0,0.9966
no,12,-0.3191,-0.8122,0.0,0.0516,0.5106,0.7227,0.1531,-0.34,0.5267,-0.8316,-0.3794,-0.1779,-0.8271,-0.553,-0.2003,0.549,0.2698,0.7157,-0.9432,-0.4215,1.0,-0.8451,0.9984,-0.4767,0.9997,0.9983,0.9998,-0.9855,-0.9986,0.9398,0.9929,0.9992,0.9762,0.9999,0.9438,0.9929,0.7964,1.0,-0.9984,0.984
no,2,0.3291,0.7579,0.4588,0.8951,0.2732,0.9001,-0.9493,0.2023,0.5719,0.1943,0.0018,0.6696,0.8932,0.6239,0.2023,0.0,0.5093,-0.3637,0.7845,0.0,0.6625,0.9972,0.993,0.0258,0.9988,0.9508,0.3612,1.0,-0.34,0.9928,-0.2263,-0.0516,0.9962,-0.9962,0.9971,0.9828,-0.1536,0.9807,0.0,0.9966
no,17,0.9423,-0.4588,0.8829,0.039,0.4767,0.5925,-0.9424,0.6969,0.8702,0.9145,0.4767,0.6916,-0.34,0.1818,0.4389,0.0,0.8625,0.8658,0.9684,-0.4497,0.9981,0.4404,0.9997,0.0243,-0.9817,-0.5994,0.9797,0.9894,0.9848,-0.5994,0.9967,0.5086,0.4588,-0.6492,-0.6008,-0.8643,0.7579,0.0,0.9979,0.9976
no,12,0.6369,0.9777,0.927,0.7501,0.0,0.34,0.0,0.4215,0.0,0.0,0.25,0.0772,0.0,0.4215,0.5707,0.765,0.8,0.5719,0.8745,0.9994,0.4939,1.0,1.0,-0.3867,0.8356,0.9964,0.9584,-0.651,-0.9994,-0.9353,1.0,0.9997,-0.9275,-0.3597,-0.9966,-0.9933,0.9847,0.9992,0.9998
no,41,0.8625,-0.8555,-0.3085,0.8271,-0.1531,0.886,-0.2247,0.9775,-0.1531,-0.296,0.5945,0.891,0.872,-0.5106,-0.0129,0.0,0.34,-0.7003,0.0,0.9996,0.9998,-0.9994,0.9913,-0.9722,0.9974,0.999,-0.9999,0.9998,0.9987,0.9997,-0.9922,0.935,-0.9995,0.8519,0.9992,-0.9982,0.9939,0.9999,0.0
yes,80,-0.1548,-0.701,-0.9106,0.4942,0.9996,-0.9968,0.0,-0.9966,0.9382,0.7579,0.9891,0.9998,0.0,0.9652,0.6486,0.0,0.5744,-0.4319,-0.9537,-0.5469,0.9995,-0.1503,1.0,-0.9968
no,3,0.5994,0.2263,-0.7469,0.7311,-0.6808,-0.7845,0.8248,0.3387,0.7522,0.34,-0.2263,0.953,0.8668,-0.4284,0.6749,0.937,0.6369,0.3612,0.5859,0.7683,0.9997,0.98,0.9999,0.9993,0.9662,0.9136,0.9689,0.4003,0.34,0.9977,0.9929,0.9994,0.9999,0.9057,0.9997,0.0,0.9996,0.9097,0.9996,-0.5696
no,8,0.4588,0.8186,-0.4594,0.2023,-0.0516,0.4588,0.92,-0.4854,0.0,0.6544,0.0,0.6369,0.4942,0.631,0.9178,0.0,-0.9201,0.8957,0.3506,-0.0258,1.0,0.9992,-0.957,-0.9458,0.9996,0.2023,-0.9877,0.9996,0.9994,-0.9685,-0.998,-0.9979,0.9955,0.9887,-0.9993,-0.9983,0.9598,-0.9999,-0.9997,0.9765
yes,84,-0.1548,-0.701,-0.9106,0.4942,0.9996,-0.9968,0.0,-0.9966,0.9382,0.7579,0.9891,0.9998,0.0,0.9652,0.6486,0.0,0.5744,-0.4319,-0.9537,-0.5469,0.9995,-0.1503,1.0,-0.9968
no,5,0.4588,0.8186,-0.4594,0.2023,-0.0516,0.4588,0.92,-0.4854,0.0,0.6544,0.0,0.6369,0.4942,0.631,0.9178,0.0,-0.9201,0.8957,0.3506,-0.0258,1.0,0.9992,-0.957,-0.9458,0.9996,0.2023,-0.9877,0.9996,0.9994,-0.9685,-0.998,-0.9979,0.9955,0.9887,-0.9993,-0.9983,0.9598,-0.9999,-0.9997,0.9765
no,8,0.0,0.5719,0.3291,0.7579,0.4588,0.8951,0.2732,0.9001,-0.9493,0.2023,0.5719,0.1943,0.0018,0.6696,0.8932,0.6239,0.2023,0.0,0.5093,-0.3637,0.6625,0.9972,0.993,0.0258,0.9988,0.9508,0.3612,1.0,-0.34,0.9928,-0.2263,-0.0516,0.9962,-0.9962,0.9971,0.9828,-0.1536,0.9807,0.0,0.9966
yes,88,-0.1548,-0.701,-0.9106,0.4942,0.9996,-0.9968,0.0,-0.9966,0.9382,0.7579,0.9891,0.9998,0.0,0.9652,0.6486,0.0,0.5744,-0.4319,-0.9537,-0.5469,0.9995,-0.1503,1.0,-0.9968
no,4,0.2023,0.4738,0.0,0.5719,0.3291,0.7579,0.4588,0.8951,0.2732,0.9001,-0.9493,0.2023,0.5719,0.1943,0.0018,0.6696,0.8932,0.6239,0.2023,0.0,0.6625,0.9972,0.993,0.0258,0.9988,0.9508,0.3612,1.0,-0.34,0.9928,-0.2263,-0.0516,0.9962,-0.9962,0.9971,0.9828,-0.1536,0.9807,0.0,0.9966
yes,95,-0.1548,-0.701,-0.9106,0.4942,0.9996,-0.9968,0.0,-0.9966,0.9382,0.7579,0.9891,0.9998,0.0,0.9652,0.6486,0.0,0.5744,-0.4319,-0.9537,-0.5469,0.9995,-0.1503,1.0,-0.9968
no,2,-0.3089,0.4588,0.8186,-0.4594,0.2023,-0.0516,0.4588,0.92,-0.4854,0.0,0.6544,0.0,0.6369,0.4942,0.631,0.9178,0.0,-0.9201,0.8957,0.3506,1.0,0.9992,-0.957,-0.9458,0.9996,0.2023,-0.9877,0.9996,0.9994,-0.9685,-0.998,-0.9979,0.9955,0.9887,-0.9993,-0.9983,0.9598,-0.9999,-0.9997,0.9765
yes,95,-0.1548,-0.701,-0.9106,0.4942,0.9996,-0.9968,0.0,-0.9966,0.9382,0.7579,0.9891,0.9998,0.0,0.9652,0.6486,0.0,0.5744,-0.4319,-0.9537,-0.5469,0.9995,-0.1503,1.0,-0.9968
yes,93,-0.1548,-0.701,-0.9106,0.4942,0.9996,-0.9968,0.0,-0.9966,0.9382,0.7579,0.9891,0.9998,0.0,0.9652,0.6486,0.0,0.5744,-0.4319,-0.9537,-0.5469,0.9995,-0.1503,1.0,-0.9968
no,3,0.7356,0.0,0.1278,0.2648,-0.1531,0.2714,0.2023,0.4738,0.0,0.5719,0.3291,0.7579,0.4588,0.8951,0.2732,0.9001,-0.9493,0.2023,0.5719,0.1943,0.6625,0.9972,0.993,0.0258,0.9988,0.9508,0.3612,1.0,-0.34,0.9928,-0.2263,-0.0516,0.9962,-0.9962,0.9971,0.9828,-0.1536,0.9807,0.0,0.9966
no,2,0.7067,0.5661,0.0,-0.3612,0.5267,0.126,-0.1655,0.5859,0.0,0.6597,0.9715,0.4215,0.4939,0.9028,0.0,0.25,0.3,0.6486,0.128,-0.0708,0.3612,1.0,0.9989,0.9997,-0.9999,0.4144,0.7964,0.0,0.9906,0.9228,-0.9458,0.998,-0.9869,0.9997,-0.9959,0.9736,0.9997,0.4019,0.994,0.2732
no,10,-0.1548,-0.701,-0.9106,0.4942,0.9996,-0.9968,0.0,-0.9966,0.9382,0.7579,0.9891,0.9998,0.0,0.9652,0.6486,0.0,0.5744,-0.4319,-0.9537,-0.5469,0.9995,-0.1503,1.0,-0.9968
yes,52,0.9726,-0.6597,0.6249,-0.0772,0.3818,0.7356,0.0,0.1278,0.2648,-0.1531,0.2714,0.2023,0.4738,0.0,0.5719,0.3291,0.7579,0.4588,0.8951,0.2732,0.6625,0.9972,0.993,0.0258,0.9988,0.9508,0.3612,1.0,-0.34,0.9928,-0.2263,-0.0516,0.9962,-0.9962,0.9971,0.9828,-0.1536,0.9807,0.0,0.9966
no,8,0.4588,-0.651,0.1646,0.6474,0.9432,-0.791,-0.7003,0.4588,-0.8794,-0.1281,-0.4939,-0.1819,-0.5106,0.0117,-0.2748,-0.3328,0.6083,0.6334,0.2908,-0.8252,1.0,0.9914,0.9981,0.9994,0.9989,0.9997,0.9993,0.9967,0.9794,0.921,0.998,-0.9869,0.9997,0.9819,0.9994,0.9619,0.9959,0.9996,0.9994,-0.9971
no,10,0.8074,0.4767,0.5994,0.8354,0.5267,0.5267,-0.0258,-0.4416,0.8748,0.3365,0.0,-0.1027,0.4767,0.0,0.0,0.2846,0.5525,0.34,0.2263,1.0,0.7466,0.9962,0.7466,0.0,0.9992,0.9952,-0.1039,-0.8733,0.0,0.4019,0.4939,0.9856,0.9872,-0.5106,0.9996,0.9373,0.0,0.0,0.8764
yes,98,0.6369,0.4588,0.978,-0.6908,-0.7184,0.5719,0.9726,-0.6597,0.6249,-0.0772,0.3818,0.7356,0.0,0.1278,0.2648,-0.1531,0.2714,0.2023,0.4738,0.0,0.6625,0.9972,0.993,0.0258,0.9988,0.9508,0.3612,1.0,-0.34,0.9928,-0.2263,-0.0516,0.9962,-0.9962,0.0,0.9971,0.9828,-0.1536,0.9807,0.0
yes,99,0.2714,-0.9761,0.7574,0.6369,0.4588,0.978,-0.6908,-0.7184,0.5719,0.9726,-0.6597,0.6249,-0.0772,0.3818,0.7356,0.0,0.1278,0.2648,-0.1531,0.2714,0.6625,0.9972,0.993,0.0258,0.9988,0.9508,0.3612,1.0,-0.34,0.9928,-0.2263,-0.0516,0.9962,-0.9962,0.0,0.9971,0.9828,-0.1536,0.9807,0.0
yes,99,0.6015,0.8957,-0.8398,0.2714,-0.9761,0.7574,0.6369,0.4588,0.978,-0.6908,-0.7184,0.5719,0.9726,-0.6597,0.6249,-0.0772,0.3818,0.7356,0.0,0.1278,0.6625,0.9972,0.993,0.0258,0.9988,0.9508,0.3612,1.0,-0.34,0.9928,-0.2263,-0.0516,0.9962,-0.9962,0.0,0.9971,0.9828,-0.1536,0.9807,0.0
yes,99,-0.369,0.8885,-0.7506,0.6988,0.6015,0.8957,-0.8398,0.2714,-0.9761,0.7574,0.6369,0.4588,0.978,-0.6908,-0.7184,0.5719,0.9726,-0.6597,0.6249,-0.0772,0.6625,0.9972,0.993,0.0258,0.9988,0.9508,0.3612,1.0,-0.34,0.9928,-0.2263,-0.0516,0.9962,-0.9962,0.0,0.9971,0.9828,-0.1536,0.9807,0.0
yes,98,0.7568,0.4588,0.1779,-0.369,0.8885,-0.7506,0.6988,0.6015,0.8957,-0.8398,0.2714,-0.9761,0.7574,0.6369,0.4588,0.978,-0.6908,-0.7184,0.5719,0.9726,0.6625,0.9972,0.993,0.0258,0.9988,0.9508,0.3612,1.0,-0.34,0.9928,-0.2263,-0.0516,0.9962,-0.9962,0.0,0.9971,0.9828,-0.1536,0.9807,0.0
yes,99,0.0,-0.4242,0.5267,0.2457,0.7568,0.4588,0.1779,-0.369,0.8885,-0.7506,0.6988,0.6015,0.8957,-0.8398,0.2714,-0.9761,0.7574,0.6369,0.4588,0.978,0.6625,0.9972,0.993,0.0258,0.9988,0.9508,0.3612,1.0,-0.34,0.9928,-0.2263,-0.0516,0.9962,-0.9962,0.0,0.9971,0.9828,-0.1536,0.9807,0.0
no,74,0.0772,0.0,0.0,-0.4242,0.5267,0.2457,0.7568,0.4588,0.1779,-0.369,0.8885,-0.7506,0.6988,0.6015,0.8957,-0.8398,0.2714,-0.9761,0.7574,0.6369,0.6625,0.9972,0.993,0.0258,0.9988,0.9508,0.3612,1.0,-0.34,0.9928,-0.2263,-0.0516,0.9962,-0.9962,0.0,0.9971,0.9828,-0.1536,0.9807,0.0
yes,12,0.4359,0.4588,-0.4939,0.9059,0.0,-0.1136,0.0,0.6369,0.4753,0.3182,0.8971,0.5106,0.8402,0.8074,0.4158,-0.1531,0.6369,0.8331,0.9337,0.0,0.9866,-0.1779,0.128,0.5927,0.0,-0.0772,-0.3919,0.9997,-0.1779,0.7579,1.0,-0.5574,0.0,0.0,0.765,0.0,-0.9993,0.0,0.9994,-0.3182
yes,58,0.4404,0.4404,0.8765,0.4564,0.9513,-0.1779,0.1513,-0.2718,0.9652,0.7845,0.7713,0.6249,0.8927,0.4005,0.886,0.0,0.7841,-0.5423,0.8176,0.66,0.6625,0.9972,0.993,0.0258,0.9988,0.9508,0.3612,1.0,-0.34,0.9928,-0.2263,-0.0516,0.9962,-0.9962,0.0,0.9971,0.9828,-0.1536,0.9807,0.0
no,31,0.0,0.9163,0.4359,0.4588,-0.4939,0.9059,0.0,-0.1136,0.0,0.6369,0.4753,0.3182,0.8971,0.5106,0.8402,0.8074,0.4158,-0.1531,0.6369,0.8331,0.9866,-0.1779,0.128,0.0,0.5927,-0.0772,-0.3919,0.9997,-0.1779,0.7579,1.0,-0.5574,0.0,0.0,0.765,0.0,-0.9993,0.0,0.9994,-0.3182
yes,99,0.7925,0.7906,0.765,0.8,0.7717,0.765,0.9523,-0.1516,0.7811,0.8356,0.9781,0.5719,0.9152,0.3612,0.9023,0.4404,0.4404,0.8765,0.4564,0.9513,0.6625,0.9972,0.993,0.0258,0.9988,0.9508,0.3612,1.0,-0.34,0.9928,-0.2263,-0.0516,0.9962,-0.9962,0.0,0.9971,0.9828,-0.1536,0.9807,0.0
yes,96,0.8,0.0516,-0.4164,-0.0516,0.5696,0.91,0.7845,0.8555,-0.2023,0.7891,0.8658,0.7925,0.7906,0.765,0.8,0.7717,0.765,0.9523,-0.1516,0.7811,0.6625,0.9972,0.993,0.0258,0.9988,0.9508,0.3612,1.0,-0.34,0.9928,-0.2263,-0.0516,0.9962,-0.9962,0.0,0.9971,0.9828,-0.1536,0.9807,0.0
no,2,0.4404,0.1012,0.4019,0.8422,0.2732,0.4404,0.6369,-0.2617,0.6369,0.4215,0.9072,0.0,0.7902,-0.369,0.0772,0.7579,0.6369,0.5574,0.8271,0.8422,-0.34,1.0,0.3612,0.0,0.9998,0.998,0.9912,0.0,0.7592,0.0,0.5574,-0.872,0.25,0.0,0.9988,0.0,0.3544,1.0,0.4404
yes,95,0.8047,0.4588,0.5994,0.0,0.8,0.0516,-0.4164,-0.0516,0.5696,0.91,0.7845,0.8555,-0.2023,0.7891,0.8658,0.7925,0.7906,0.765,0.8,0.7717,0.6625,0.9972,0.993,0.0258,0.9988,0.9508,0.3612,1.0,-0.34,0.9928,-0.2263,-0.0516,0.9962,-0.9962,0.0,0.9971,0.9828,-0.1536,0.9807,0.0
no,2,-0.1531,0.6369,-0.3291,0.7067,0.5661,0.0,-0.3612,0.5267,0.126,-0.1655,0.5859,0.0,0.6597,0.9715,0.4215,0.4939,0.9028,0.0,0.25,0.3,0.3612,1.0,0.9989,0.9997,-0.9999,0.4144,0.7964,0.0,0.9906,0.9228,-0.9458,0.998,-0.9869,0.9997,-0.9959,0.9736,0.9997,0.4019,0.994,0.2732
yes,94,0.6808,0.1111,0.8047,0.4588,0.5994,0.0,0.8,0.0516,-0.4164,-0.0516,0.5696,0.91,0.7845,0.8555,-0.2023,0.7891,0.8658,0.7925,0.7906,0.765,0.6625,0.9972,0.993,0.0258,0.9988,0.9508,0.3612,1.0,-0.34,0.9928,-0.2263,-0.0516,0.9962,-0.9962,0.0,0.9971,0.9828,-0.1536,0.9807,0.0
no,4,0.1111,-0.4985,0.4404,0.1012,0.4019,0.8422,0.2732,0.4404,0.6369,-0.2617,0.6369,0.4215,0.9072,0.0,0.7902,-0.369,0.0772,0.7579,0.6369,0.8422,-0.34,1.0,0.3612,0.0,0.9998,0.998,0.9912,0.0,0.7592,0.0,0.5574,-0.872,0.25,0.0,0.9988,0.0,0.3544,1.0,0.4404
yes,93,-0.1027,0.5106,0.1531,0.1531,0.6808,0.1111,0.8047,0.4588,0.5994,0.0,0.8,0.0516,-0.4164,-0.0516,0.5696,0.91,0.7845,0.8555,-0.2023,0.7891,0.6625,0.9972,0.993,0.0258,0.9988,0.9508,0.3612,1.0,-0.34,0.9928,-0.2263,-0.0516,0.9962,-0.9962,0.0,0.9971,0.9828,-0.1536,0.9807,0.0
no,4,0.1111,-0.4985,0.4404,0.1012,0.4019,0.8422,0.2732,0.4404,0.6369,-0.2617,0.6369,0.4215,0.9072,0.0,0.7902,-0.369,0.0772,0.7579,0.6369,0.8422,-0.34,1.0,0.3612,0.0,0.9998,0.998,0.9912,0.0,0.7592,0.0,0.5574,-0.872,0.25,0.0,0.9988,0.0,0.3544,1.0,0.4404
no,61,-0.1027,0.5106,0.1531,0.1531,0.6808,0.1111,0.8047,0.4588,0.5994,0.0,0.8,0.0516,-0.4164,-0.0516,0.5696,0.91,0.7845,0.8555,-0.2023,0.7891,0.6625,0.9972,0.993,0.0258,0.9988,0.9508,0.3612,1.0,-0.34,0.9928,-0.2263,-0.0516,0.9962,-0.9962,0.0,0.9971,0.9828,-0.1536,0.9807,0.0
yes,31,0.1111,-0.4985,0.4404,0.1012,0.4019,0.8422,0.2732,0.4404,0.6369,-0.2617,0.6369,0.4215,0.9072,0.0,0.7902,-0.369,0.0772,0.7579,0.6369,0.8422,-0.34,1.0,0.3612,0.0,0.9998,0.998,0.9912,0.0,0.7592,0.0,0.5574,-0.872,0.25,0.0,0.9988,0.0,0.3544,1.0,0.4404
no,2,0.0,0.0,0.5423,0.5106,0.8621,0.725,0.9312,0.9677,-0.0516,0.6542,0.5093,0.5267,0.8689,0.0,0.554,0.0,0.4215,0.7579,-0.0258,0.4588,-0.4404,-0.4019,0.9909,0.8439,0.6826,0.9688,0.6662,-0.5719,0.5106,0.128,0.128,0.4404,0.9252,0.4404,0.983,0.9797,0.9832,0.9312,0.2593,0.3182
no,4,0.4122,-0.2516,0.6757,0.3286,0.7713,0.2023,0.0,0.2846,0.2023,0.8934,-0.8625,0.7219,-0.2023,0.3182,0.5927,0.1471,0.0,-0.3182,0.6597,0.3361,1.0,1.0,0.9992,0.9748,0.9952,-0.1039,0.9866,0.9285,0.9996,-0.4588,0.5106,0.9964,0.4215,0.4215,-0.9506,0.9997,-0.9999,0.9847,-0.9967,0.9961
no,4,0.0,-0.3111,-0.3111,0.6015,-0.1027,0.5106,0.1531,0.1531,0.6808,0.1111,0.8047,0.4588,0.5994,0.0,0.8,0.0516,-0.4164,-0.0516,0.5696,0.91,0.6625,0.9972,0.993,0.0258,0.9988,0.9508,0.3612,1.0,-0.34,0.9928,-0.2263,-0.0516,0.9962,-0.9962,0.0,0.9971,0.9828,-0.1536,0.9807,0.0
yes,86,0.1111,-0.4985,0.4404,0.1012,0.4019,0.8422,0.2732,0.4404,0.6369,-0.2617,0.6369,0.4215,0.9072,0.0,0.7902,-0.369,0.0772,0.7579,0.6369,0.8422,-0.34,1.0,0.3612,0.0,0.9998,0.998,0.9912,0.0,0.7592,0.0,0.5574,-0.872,0.25,0.0,0.9988,0.0,0.3544,1.0,0.4404
no,6,0.0258,0.5684,0.9081,-0.2023,0.3489,0.8402,0.3612,0.8402,0.4404,-0.1779,0.631,0.0,-0.5994,0.5557,-0.7841,0.5399,-0.0547,0.8196,0.3612,0.0,0.9517,0.9586,0.9997,0.2769,0.431,0.979,0.9959,0.9996,0.9994,0.9997,0.9393,-0.9201,0.9859,0.9996,0.9955,1.0,0.9998,0.9996,0.9981,-0.9629
yes,98,0.1111,-0.4985,0.4404,0.1012,0.4019,0.8422,0.2732,0.4404,0.6369,-0.2617,0.6369,0.4215,0.9072,0.0,0.7902,-0.369,0.0772,0.7579,0.6369,0.8422,-0.34,1.0,0.3612,0.0,0.9998,0.998,0.9912,0.0,0.7592,0.0,0.5574,-0.872,0.25,0.0,0.9988,0.0,0.3544,1.0,0.4404
yes,98,-0.9186,0.1111,-0.4985,0.4404,0.1012,0.4019,0.8422,0.2732,0.4404,0.6369,-0.2617,0.6369,0.4215,0.9072,0.0,0.7902,-0.369,0.0772,0.7579,0.8422,-0.34,1.0,0.3612,0.0,0.9998,0.998,0.9912,0.0,0.7592,0.0,0.5574,-0.872,0.25,0.0,0.9988,0.0,0.3544,1.0,0.4404
yes,99,-0.9186,0.1111,-0.4985,0.4404,0.1012,0.4019,0.8422,0.2732,0.4404,0.6369,-0.2617,0.6369,0.4215,0.9072,0.0,0.7902,-0.369,0.0772,0.7579,0.8422,-0.34,1.0,0.3612,0.0,0.9998,0.998,0.9912,0.0,0.7592,0.0,0.5574,-0.872,0.25,0.0,0.9988,0.0,0.3544,1.0,0.4404
yes,94,-0.1511,0.5859,0.2422,-0.9186,0.1111,-0.4985,0.4404,0.1012,0.4019,0.8422,0.2732,0.4404,0.6369,-0.2617,0.6369,0.4215,0.9072,0.0,0.7902,-0.369,0.8422,-0.34,1.0,0.3612,0.0,0.9998,0.998,0.9912,0.0,0.7592,0.0,0.5574,-0.872,0.25,0.0,0.9988,0.0,0.3544,1.0,0.4404
no,6,0.1531,0.5574,0.3612,0.936,0.7717,0.6369,-0.4215,-0.6597,0.5093,0.0,0.0,0.8999,0.0,0.8213,-0.1779,0.0,-0.3612,0.0,0.6808,0.0,0.6625,0.9972,0.993,0.0258,0.4531,0.9988,0.9508,0.3612,1.0,-0.34,0.9928,-0.2263,-0.0516,0.9962,-0.9962,0.0,0.9971,0.9828,-0.1536,0.9807
no,3,0.8138,0.1531,0.5574,0.3612,0.936,0.7717,0.6369,-0.4215,-0.6597,0.5093,0.0,0.0,0.8999,0.0,0.8213,-0.1779,0.0,-0.3612,0.0,0.6808,0.6625,0.9972,0.993,0.0258,0.4531,0.9988,0.9508,0.3612,1.0,-0.34,0.9928,-0.2263,-0.0516,0.9962,-0.9962,0.0,0.9971,0.9828,-0.1536,0.9807
yes,96,-0.1511,0.5859,0.2422,-0.9186,0.1111,-0.4985,0.4404,0.1012,0.4019,0.8422,0.2732,0.4404,0.6369,-0.2617,0.6369,0.4215,0.9072,0.0,0.7902,-0.369,0.8422,-0.34,1.0,0.3612,0.0,0.9998,0.998,0.9912,0.0,0.7592,0.0,0.5574,-0.872,0.25,0.0,0.9988,0.0,0.3544,1.0,0.4404
yes,71,-0.4767,-0.1511,0.5859,0.2422,-0.9186,0.1111,-0.4985,0.4404,0.1012,0.4019,0.8422,0.2732,0.4404,0.6369,-0.2617,0.6369,0.4215,0.9072,0.0,0.7902,0.8422,-0.34,1.0,0.3612,0.0,0.9998,0.998,0.9912,0.0,0.7592,0.0,0.5574,-0.872,0.25,0.0,0.9988,0.0,0.3544,1.0,0.4404
no,26,0.4404,0.6679,0.0,0.8138,0.1531,0.5574,0.3612,0.936,0.7717,0.6369,-0.4215,-0.6597,0.5093,0.0,0.0,0.8999,0.0,0.8213,-0.1779,0.0,0.6625,0.9972,0.993,0.0258,0.4531,0.9988,0.9508,0.3612,1.0,-0.34,0.9928,-0.2263,0.9811,-0.0516,0.9962,-0.9962,0.0,0.9971,0.9828,-0.1536
no,2,-0.296,0.4094,0.8316,-0.2942,0.7495,0.8074,0.8356,-0.9022,0.7003,0.0,0.8201,0.9996,1.0,0.5719,0.4404,-0.9997,0.9916,0.9954,-0.9968,-0.9894,-0.5719,0.9427,-0.9988,0.0,0.886,-0.9986,0.9275,0.9996,0.9995,-1.0
no,8,0.4497,0.9117,0.3612,0.4404,0.6679,0.0,0.8138,0.1531,0.5574,0.3612,0.936,0.7717,0.6369,-0.4215,-0.6597,0.5093,0.0,0.0,0.8999,0.0,0.6625,0.9972,0.993,0.0258,0.4531,0.9988,0.9508,0.3612,1.0,-0.34,0.9928,-0.2263,0.9811,-0.0516,0.9962,-0.9962,0.0,0.9971,0.9828,-0.1536
yes,89,-0.4767,-0.1511,0.5859,0.2422,-0.9186,0.1111,-0.4985,0.4404,0.1012,0.4019,0.8422,0.2732,0.4404,0.6369,-0.2617,0.6369,0.4215,0.9072,0.0,0.7902,0.8422,-0.34,1.0,0.3612,0.0,0.9998,0.998,0.9912,0.0,0.7592,0.0,0.5574,-0.872,0.25,0.0,0.9988,0.0,0.3544,1.0,0.4404
yes,94,-0.4767,-0.1511,0.5859,0.2422,-0.9186,0.1111,-0.4985,0.4404,0.1012,0.4019,0.8422,0.2732,0.4404,0.6369,-0.2617,0.6369,0.4215,0.9072,0.0,0.7902,0.8422,-0.34,1.0,0.3612,0.0,0.9998,0.998,0.9912,0.0,0.7592,0.0,0.5574,-0.872,0.25,0.0,0.9988,0.0,0.3544,1.0,0.4404
no,2,0.5994,0.2023,0.8932,0.9054,0.0,0.4497,0.9117,0.3612,0.4404,0.6679,0.0,0.8138,0.1531,0.5574,0.3612,0.936,0.7717,0.6369,-0.4215,-0.6597,0.6625,0.9972,0.993,0.0258,0.4531,0.9988,0.9508,0.3612,1.0,-0.34,0.9928,-0.2263,0.9811,-0.0516,0.9962,-0.9962,0.0,0.9971,0.9828,-0.1536
yes,98,0.8506,0.3612,0.8658,-0.4767,-0.1511,0.5859,0.2422,-0.9186,0.1111,-0.4985,0.4404,0.1012,0.4019,0.8422,0.2732,0.4404,0.6369,-0.2617,0.6369,0.4215,0.8422,-0.34,1.0,0.3612,0.0,0.9998,0.998,0.9912,0.0,0.7592,0.0,0.5574,-0.872,0.25,0.0,0.9988,0.0,0.3544,1.0,0.4404
yes,85,0.0258,0.8506,0.3612,0.8658,-0.4767,-0.1511,0.5859,0.2422,-0.9186,0.1111,-0.4985,0.4404,0.1012,0.4019,0.8422,0.2732,0.4404,0.6369,-0.2617,0.6369,0.8422,-0.34,1.0,0.3612,0.0,0.9998,0.998,0.9912,0.0,0.7592,0.0,0.5574,-0.872,0.25,0.0,0.9988,0.0,0.3544,1.0,0.4404
no,15,0.0,0.0,0.5994,0.2023,0.8932,0.9054,0.0,0.4497,0.9117,0.3612,0.4404,0.6679,0.0,0.8138,0.1531,0.5574,0.3612,0.936,0.7717,0.6369,0.6625,0.9972,0.993,0.0258,0.4531,0.9988,0.9508,0.3612,1.0,-0.34,0.9928,-0.2263,0.9811,-0.0516,0.9962,-0.9962,0.0,0.9971,0.9828,-0.1536
yes,97,0.0258,0.8506,0.3612,0.8658,-0.4767,-0.1511,0.5859,0.2422,-0.9186,0.1111,-0.4985,0.4404,0.1012,0.4019,0.8422,0.2732,0.4404,0.6369,-0.2617,0.6369,0.8422,-0.34,1.0,0.3612,0.0,0.9998,0.998,0.9912,0.0,0.7592,0.0,0.5574,-0.872,0.25,0.0,0.9988,0.0,0.3544,1.0,0.4404
no,2,0.6369,0.7579,-0.7783,0.9545,0.0,0.0,0.5994,0.2023,0.8932,0.9054,0.0,0.4497,0.9117,0.3612,0.4404,0.6679,0.0,0.8138,0.1531,0.5574,0.6625,0.9972,0.993,0.0258,0.4531,0.9988,0.9508,0.3612,1.0,-0.34,0.9928,-0.2263,0.9811,-0.0516,0.9962,-0.9962,0.0,0.9984,0.9971,0.9828
yes,95,0.636,0.0258,0.8506,0.3612,0.8658,-0.4767,-0.1511,0.5859,0.2422,-0.9186,0.1111,-0.4985,0.4404,0.1012,0.4019,0.8422,0.2732,0.4404,0.6369,-0.2617,0.8422,-0.34,1.0,0.3612,0.0,0.9998,0.998,0.9912,0.0,0.7592,0.0,0.5574,-0.872,0.25,0.0,0.9988,0.0,0.3544,1.0,0.4404
no,11,0.8146,0.7669,0.636,0.0258,0.8506,0.3612,0.8658,-0.4767,-0.1511,0.5859,0.2422,-0.9186,0.1111,-0.4985,0.4404,0.1012,0.4019,0.8422,0.2732,0.4404,0.8422,-0.34,1.0,0.3612,0.0,0.9998,0.998,0.9912,0.0,0.7592,0.0,0.5574,-0.872,0.25,0.0,0.9988,0.0,0.3544,1.0,0.4404
yes,86,0.6696,0.1139,0.431,-0.9741,0.0,0.3612,0.4215,0.9997,-0.2023,-0.8643,-0.2023,0.979,0.9959,0.9996,0.9994,0.9997,-0.9201,-0.9995,-0.799,0.9996,0.9955,1.0,0.9494,0.9993,0.9998
yes,52,0.0,0.8146,0.7669,0.636,0.0258,0.8506,0.3612,0.8658,-0.4767,-0.1511,0.5859,0.2422,-0.9186,0.1111,-0.4985,0.4404,0.1012,0.4019,0.8422,0.2732,0.8422,-0.34,1.0,0.3612,0.0,0.9998,0.998,0.9912,0.0,0.7592,0.0,0.5574,-0.872,0.25,0.0,0.9988,0.0,0.3544,1.0,0.4404
no,17,0.6696,0.1139,0.431,-0.9741,0.0,0.3612,0.4215,0.9997,-0.2023,-0.8643,-0.2023,0.979,0.9959,0.9996,0.9994,0.9997,-0.9201,-0.9995,-0.799,0.9996,0.9955,1.0,0.9494,0.9993,0.9998
yes,98,0.0,0.8146,0.7669,0.636,0.0258,0.8506,0.3612,0.8658,-0.4767,-0.1511,0.5859,0.2422,-0.9186,0.1111,-0.4985,0.4404,0.1012,0.4019,0.8422,0.2732,0.8422,-0.34,1.0,0.3612,0.0,0.9998,0.998,0.9912,0.0,0.7592,0.0,0.5574,-0.872,0.25,0.0,0.9988,0.0,0.3544,1.0,0.4404
no,31,0.7783,0.7359,0.8924,0.7777,0.8553,0.6696,-0.0268,0.6696,0.6369,0.7579,-0.7783,0.9545,0.0,0.0,0.5994,0.2023,0.8932,0.9054,0.0,0.6625,0.9972,0.993,0.0258,0.4531,0.9988,0.9508,0.3612,1.0,-0.34,0.9928,-0.2263,0.9811,-0.0516,0.9962,-0.9962,0.0,0.9984,0.9971,0.9828
yes,60,0.0,0.8146,0.7669,0.636,0.0258,0.8506,0.3612,0.8658,-0.4767,-0.1511,0.5859,0.2422,-0.9186,0.1111,-0.4985,0.4404,0.1012,0.4019,0.8422,0.2732,0.8422,-0.34,1.0,0.3612,0.0,0.9998,0.998,0.9912,0.0,0.7592,0.0,0.5574,-0.872,0.25,0.0,0.9988,0.0,0.3544,1.0,0.4404
no,34,0.0,0.8146,0.7669,0.636,0.0258,0.8506,0.3612,0.8658,-0.4767,-0.1511,0.5859,0.2422,-0.9186,0.1111,-0.4985,0.4404,0.1012,0.4019,0.8422,0.2732,0.8422,-0.34,1.0,0.3612,0.0,0.9998,0.998,0.9912,0.0,0.7592,0.0,0.5574,-0.872,0.25,0.0,0.9988,0.0,0.3544,1.0,0.4404
yes,62,-0.7506,0.7783,0.7359,0.8924,0.7777,0.8553,0.6696,-0.0268,0.6696,0.6369,0.7579,-0.7783,0.9545,0.0,0.0,0.5994,0.2023,0.8932,0.9054,0.6625,0.9972,0.993,0.0258,0.4531,0.9988,0.9508,0.3612,1.0,-0.34,0.9928,-0.2263,0.9811,-0.0516,0.9962,-0.9962,0.0,0.9984,0.9971,0.9828
yes,95,-0.0129,-0.7506,0.7783,0.7359,0.8924,0.7777,0.8553,0.6696,-0.0268,0.6696,0.6369,0.7579,-0.7783,0.9545,0.0,0.0,0.5994,0.2023,0.8932,0.6625,0.9972,0.993,0.0258,0.4531,0.9988,0.9508,0.3612,1.0,-0.34,0.9928,-0.2263,0.9811,-0.0516,0.9962,-0.9962,0.0,0.9984,0.9971,0.9828
no,3,0.0,0.8146,0.7669,0.636,0.0258,0.8506,0.3612,0.8658,-0.4767,-0.1511,0.5859,0.2422,-0.9186,0.1111,-0.4985,0.4404,0.1012,0.4019,0.8422,0.2732,0.8422,-0.34,1.0,0.3612,0.0,0.9998,0.998,0.9912,0.0,0.7592,0.0,0.5574,-0.872,0.25,0.0,0.9988,0.0,0.3544,1.0,0.4404
yes,94,0.9118,-0.0129,-0.7506,0.7783,0.7359,0.8924,0.7777,0.8553,0.6696,-0.0268,0.6696,0.6369,0.7579,-0.7783,0.9545,0.0,0.0,0.5994,0.2023,0.6625,0.9972,0.993,0.0258,0.4531,0.9988,0.9508,0.3612,1.0,-0.34,0.9928,-0.2263,0.9811,-0.0516,0.9962,-0.9962,0.0,0.9984,0.9971,0.9828
no,47,0.4588,0.9118,-0.0129,-0.7506,0.7783,0.7359,0.8924,0.7777,0.8553,0.6696,-0.0268,0.6696,0.6369,0.7579,-0.7783,0.9545,0.0,0.0,0.5994,0.6625,0.9972,0.993,0.0258,0.4531,0.9988,0.9508,0.3612,1.0,-0.34,0.9928,-0.2263,0.9811,-0.0516,0.9962,-0.9962,0.0,0.9984,0.9971,0.9828
yes,31,-0.8462,0.6705,-0.7096,0.8625,-0.802,-0.287,0.0,0.5346,-0.4576,0.7424,0.9601,0.6361,0.3612,0.0,0.2062,0.6486,0.5588,0.5423,-0.4563,-0.7789
no,13,0.8221,-0.612,0.4507,-0.0387,0.8442,0.3912,0.8582,0.0,-0.128,0.9801,0.9574,0.8271,0.3919,0.5106,0.0,0.3182,0.3612,-0.6808,0.9671,0.0,0.9912,0.9553,-0.9981,0.0,0.9963,0.9696,0.9997,-0.9679,0.1027,-0.9893,-0.3182,0.9519,1.0,0.9864,0.9499,0.624,0.9858,0.9996,0.9876,0.9992
no,8,0.4939,-0.7654,0.0,-0.4588,0.8832,0.8308,0.2905,0.8977,-0.3802,0.2714,0.4389,0.8463,0.0,0.0,-0.8759,0.4019,0.7178,-0.3291,0.34,-0.296,1.0,0.0,0.986,-0.8871,0.9964,0.7466,-0.875,-0.7269,0.8344,0.7466,0.9992,0.0,0.0,-0.9451,-0.2023,-0.7096,0.0,0.8597,-0.1039,0.9989
no,72,0.7985,0.0,0.4588,0.9118,-0.0129,-0.7506,0.7783,0.7359,0.8924,0.7777,0.8553,0.6696,-0.0268,0.6696,0.6369,0.7579,-0.7783,0.9545,0.0,0.6625,0.9972,0.993,0.0258,0.4531,0.9988,0.9508,0.3612,1.0,-0.34,0.9928,-0.2263,0.9811,-0.0516,0.9962,-0.9962,0.0,0.9984,0.9971,0.9828
yes,9,-0.802,0.6249,0.4588,0.0,0.0,0.8146,0.7669,0.636,0.0258,0.8506,0.3612,0.8658,-0.4767,-0.1511,0.5859,0.2422,-0.9186,0.1111,-0.4985,0.4404,0.8422,-0.34,1.0,0.3612,0.0,0.9998,0.998,0.9912,0.0,0.7592,0.0,0.5574,-0.872,0.25,0.0,0.9988,0.0,0.3544,1.0,0.4404
no,2,0.4228,0.0,0.8057,0.4767,0.2732,0.936,0.9246,0.6956,0.8862,-0.7387,-0.3925,0.7096,0.926,-0.5487,0.9206,0.6369,0.25,-0.2732,-0.6249,0.3071
,50,-0.3182,0.0,0.2263,-0.0635,0.1406,0.5994,0.3818,0.4588,0.4215,0.0,-0.2263,0.7184,0.7184,0.9853,0.7269,0.0,0.8788,0.0,0.7448,0.0772,0.9959,1.0,-0.9994,0.9998,-0.9995,-0.8193,-0.9962,0.9989,0.204,-0.9887,0.9981,0.9999,1.0,-0.9898,0.9997,0.9992,0.9919,-1.0,-0.9967,0.9744
